hour,day_of_week,is_weekend,location,road_type,weather,road_condition,traffic_volume,vehicle_mix,near_commercial_hub,congestion_level
17,0,0,Adankolo,Urban,Rain,2,196.13,Mixed,1,High
8,4,0,Lokoja_Central_OldMarket,Urban,Clear,2,172.84,Commercial,1,High
19,0,0,Adankolo,Urban,Clear,2,171.44,Mixed,1,High
11,2,0,Felele,Highway,Rain,1,103.56,Private,1,Medium
19,4,0,Phase_I,Residential,Clear,2,154.6,Mixed,1,High
20,3,0,Kabba_Junction,Urban,Clear,1,171.27,Mixed,1,High
21,5,1,Lokoja_Central_OldMarket,Urban,Clear,1,120.94,Mixed,1,Medium
8,2,0,Phase_I,Residential,Clear,1,98.45,Mixed,1,Low
8,4,0,Phase_I,Residential,Rain,2,102.26,Private,0,Low
8,4,0,Nataco,Urban,Clear,1,139.19,Mixed,0,Medium
18,6,1,Lokoja_Central_OldMarket,Urban,Clear,1,190.66,Commercial,1,High
22,6,1,Zango,Residential,Rain,3,36.72,Mixed,0,Low
9,1,0,Nataco,Residential,Clear,1,132.39,Private,1,Medium
9,5,1,Ganaja,Urban,Rain,3,157.98,Mixed,1,High
16,3,0,Lokoja_Central_OldMarket,Highway,Clear,1,194.58,Commercial,1,High
5,3,0,Adankolo,Residential,Clear,3,62.03,Commercial,1,Low
7,4,0,Phase_I,Residential,Rain,2,122.76,Mixed,0,Medium
13,4,0,Nataco,Urban,Clear,2,122.58,Mixed,1,Medium
0,5,1,Felele,Urban,Clear,1,34.78,Private,0,Low
6,4,0,Ganaja,Urban,Clear,2,146.24,Commercial,1,Medium
11,3,0,Nataco,Highway,Clear,1,75.95,Commercial,0,Low
8,1,0,Ganaja,Urban,Rain,1,175.0,Mixed,1,High
19,0,0,Lokoja_Central_OldMarket,Residential,Rain,3,186.44,Commercial,0,High
12,0,0,Lokoja_Central_OldMarket,Urban,Rain,1,143.59,Mixed,1,Medium
18,6,1,Ganaja,Highway,Rain,2,185.96,Mixed,1,High
16,4,0,Zango,Residential,Rain,2,135.74,Mixed,0,Medium
19,3,0,Lokoja_Central_OldMarket,Urban,Clear,1,170.0,Mixed,1,High
21,1,0,Felele,Urban,Clear,1,89.2,Mixed,1,Low
21,0,0,Lokoja_Central_OldMarket,Urban,Clear,1,127.93,Commercial,1,Medium
4,1,0,Nataco,Urban,Clear,3,102.51,Private,1,Low
17,0,0,Felele,Highway,Rain,1,172.74,Private,1,High
9,1,0,Adankolo,Urban,Clear,3,134.48,Private,1,Medium
19,0,0,Felele,Highway,Clear,3,177.41,Mixed,1,High
17,4,0,Lokoja_Central_OldMarket,Urban,Clear,2,203.72,Commercial,1,High
16,1,0,Nataco,Urban,Rain,1,169.17,Mixed,0,High
11,4,0,Phase_I,Residential,Rain,2,47.18,Private,0,Low
19,3,0,Lokoja_Central_OldMarket,Urban,Rain,2,214.24,Mixed,1,High
6,6,1,Lokoja_Central_OldMarket,Urban,Clear,2,166.62,Mixed,1,High
20,1,0,Lokoja_Central_OldMarket,Urban,Rain,1,173.37,Mixed,1,High
15,0,0,Lokoja_Central_OldMarket,Residential,Clear,1,100.78,Mixed,0,Low
13,5,1,Adankolo,Urban,Rain,2,100.41,Private,1,Low
19,5,1,Adankolo,Residential,Clear,2,124.5,Private,1,Medium
10,2,0,Felele,Urban,Clear,1,82.07,Private,1,Low
7,5,1,Zango,Residential,Clear,2,50.58,Private,0,Low
0,2,0,Kabba_Junction,Highway,Clear,2,85.16,Commercial,1,Low
22,5,1,Lokoja_Central_OldMarket,Urban,Clear,2,96.82,Mixed,1,Low
18,5,1,Kabba_Junction,Highway,Rain,2,182.97,Mixed,1,High
16,5,1,Felele,Highway,Clear,2,134.48,Mixed,0,Medium
18,0,0,Adankolo,Urban,Clear,2,142.2,Private,0,Medium
6,3,0,Felele,Residential,Rain,2,123.6,Commercial,0,Medium
14,6,1,Phase_I,Residential,Clear,2,43.1,Mixed,0,Low
18,3,0,Felele,Urban,Clear,1,156.53,Mixed,1,High
15,1,0,Lokoja_Central_OldMarket,Urban,Clear,1,121.67,Mixed,1,Medium
19,3,0,Phase_I,Residential,Rain,2,135.72,Private,0,Medium
11,6,1,Nataco,Highway,Rain,2,97.44,Private,1,Low
14,3,0,Nataco,Urban,Clear,1,115.56,Mixed,1,Medium
16,0,0,Phase_I,Residential,Clear,2,127.07,Private,1,Medium
10,3,0,Kabba_Junction,Highway,Rain,2,137.71,Mixed,1,Medium
0,4,0,Lokoja_Central_OldMarket,Residential,Rain,2,103.31,Mixed,1,Medium
16,1,0,Lokoja_Central_OldMarket,Urban,Clear,2,210.16,Commercial,1,High
7,4,0,Zango,Residential,Clear,2,111.22,Private,1,Medium
20,3,0,Nataco,Highway,Clear,1,155.62,Mixed,1,High
18,6,1,Felele,Highway,Clear,2,143.1,Private,1,Medium
17,0,0,Phase_I,Residential,Clear,2,112.95,Mixed,0,Medium
17,3,0,Kabba_Junction,Urban,Rain,2,224.83,Commercial,1,High
10,1,0,Phase_I,Urban,Clear,2,50.69,Private,0,Low
11,0,0,Ganaja,Urban,Clear,1,89.9,Commercial,1,Low
15,4,0,Zango,Urban,Rain,2,76.88,Private,0,Low
14,6,1,Lokoja_Central_OldMarket,Urban,Clear,1,105.77,Mixed,1,Medium
23,4,0,Nataco,Highway,Clear,1,78.13,Mixed,1,Low
6,4,0,Zango,Residential,Clear,2,87.82,Mixed,0,Low
23,6,1,Kabba_Junction,Urban,Clear,1,69.22,Mixed,1,Low
22,4,0,Kabba_Junction,Highway,Clear,1,91.68,Commercial,1,Low
10,0,0,Kabba_Junction,Highway,Clear,2,123.59,Mixed,1,Medium
17,1,0,Lokoja_Central_OldMarket,Urban,Clear,2,154.81,Mixed,0,High
8,4,0,Nataco,Residential,Clear,2,124.59,Mixed,1,Medium
3,5,1,Lokoja_Central_OldMarket,Urban,Clear,1,91.75,Commercial,1,Low
12,5,1,Ganaja,Urban,Clear,1,77.22,Mixed,0,Low
17,2,0,Adankolo,Highway,Clear,2,116.54,Private,0,Medium
19,0,0,Lokoja_Central_OldMarket,Urban,Rain,1,198.38,Commercial,1,High
9,3,0,Zango,Residential,Clear,1,88.83,Private,1,Low
5,5,1,Phase_I,Residential,Clear,1,8.0,Private,0,Low
2,6,1,Kabba_Junction,Urban,Rain,1,110.5,Mixed,1,Medium
12,2,0,Felele,Highway,Clear,3,94.93,Mixed,0,Low
19,4,0,Lokoja_Central_OldMarket,Urban,Rain,2,225.0,Mixed,1,High
13,0,0,Kabba_Junction,Urban,Rain,1,146.14,Commercial,1,Medium
21,3,0,Phase_I,Residential,Rain,3,88.69,Mixed,0,Low
8,6,1,Phase_I,Residential,Clear,2,71.83,Mixed,0,Low
14,2,0,Nataco,Urban,Clear,1,102.23,Mixed,1,Low
6,0,0,Kabba_Junction,Highway,Clear,2,121.8,Mixed,0,Medium
9,2,0,Phase_I,Residential,Clear,1,66.02,Private,0,Low
11,2,0,Phase_I,Residential,Rain,2,83.0,Mixed,0,Low
14,6,1,Nataco,Residential,Clear,3,102.28,Private,1,Low
10,0,0,Phase_I,Residential,Rain,1,69.56,Private,0,Low
7,3,0,Adankolo,Urban,Clear,1,116.63,Private,1,Medium
22,5,1,Adankolo,Residential,Clear,2,26.57,Private,1,Low
21,1,0,Adankolo,Urban,Rain,1,91.39,Mixed,0,Low
19,2,0,Nataco,Urban,Clear,1,168.34,Mixed,1,High
7,4,0,Phase_I,Residential,Clear,1,82.82,Mixed,0,Low
0,6,1,Nataco,Urban,Rain,3,126.29,Commercial,1,Medium
22,5,1,Kabba_Junction,Highway,Clear,1,68.82,Mixed,1,Low
23,2,0,Lokoja_Central_OldMarket,Urban,Rain,2,117.57,Mixed,1,Medium
20,5,1,Ganaja,Residential,Clear,1,94.35,Mixed,0,Low
17,5,1,Adankolo,Residential,Clear,1,110.99,Mixed,1,Medium
19,0,0,Ganaja,Highway,Rain,2,169.43,Mixed,1,High
15,2,0,Phase_I,Residential,Rain,3,73.79,Private,0,Low
6,0,0,Lokoja_Central_OldMarket,Residential,Rain,3,164.83,Commercial,1,High
0,4,0,Lokoja_Central_OldMarket,Urban,Clear,2,124.55,Commercial,1,Medium
11,5,1,Kabba_Junction,Urban,Rain,2,130.32,Private,1,Medium
9,3,0,Lokoja_Central_OldMarket,Urban,Clear,1,116.38,Mixed,0,Medium
15,3,0,Nataco,Urban,Clear,2,115.55,Commercial,0,Medium
6,3,0,Felele,Residential,Clear,1,101.12,Mixed,0,Low
8,2,0,Lokoja_Central_OldMarket,Urban,Clear,1,138.79,Mixed,0,Medium
19,3,0,Lokoja_Central_OldMarket,Urban,Clear,1,171.51,Commercial,0,High
23,6,1,Ganaja,Urban,Clear,2,66.46,Private,1,Low
20,0,0,Kabba_Junction,Highway,Rain,1,180.73,Private,1,High
6,2,0,Adankolo,Urban,Clear,2,121.49,Mixed,1,Medium
14,6,1,Nataco,Urban,Clear,2,109.43,Mixed,1,Medium
20,5,1,Ganaja,Highway,Clear,1,134.69,Private,1,Medium
20,0,0,Phase_I,Residential,Clear,2,102.85,Mixed,0,Low
18,3,0,Zango,Residential,Clear,2,116.3,Private,0,Medium
18,5,1,Phase_I,Residential,Rain,1,100.99,Private,0,Low
10,2,0,Felele,Highway,Clear,2,80.57,Mixed,0,Low
18,6,1,Lokoja_Central_OldMarket,Urban,Clear,1,165.37,Private,1,High
20,6,1,Nataco,Residential,Clear,1,122.5,Mixed,1,Medium
14,6,1,Lokoja_Central_OldMarket,Urban,Clear,2,121.74,Mixed,1,Medium
19,6,1,Adankolo,Highway,Rain,3,182.27,Private,1,High
10,2,0,Nataco,Urban,Clear,2,126.41,Mixed,1,Medium
22,0,0,Adankolo,Urban,Clear,2,83.06,Mixed,1,Low
5,0,0,Lokoja_Central_OldMarket,Urban,Clear,1,84.87,Mixed,1,Low
16,3,0,Kabba_Junction,Highway,Clear,2,160.96,Mixed,1,High
2,3,0,Zango,Urban,Rain,3,80.18,Mixed,0,Low
6,3,0,Adankolo,Urban,Clear,2,118.27,Mixed,0,Medium
19,0,0,Nataco,Urban,Clear,1,166.55,Mixed,1,High
17,2,0,Lokoja_Central_OldMarket,Urban,Clear,2,191.57,Mixed,1,High
19,1,0,Nataco,Urban,Rain,1,176.03,Mixed,0,High
4,5,1,Lokoja_Central_OldMarket,Urban,Rain,2,107.46,Private,1,Medium
7,4,0,Lokoja_Central_OldMarket,Urban,Clear,1,140.33,Mixed,0,Medium
15,4,0,Nataco,Residential,Clear,2,106.21,Commercial,1,Medium
4,3,0,Felele,Highway,Clear,1,74.1,Commercial,1,Low
1,2,0,Phase_I,Urban,Clear,1,24.25,Private,0,Low
19,0,0,Nataco,Highway,Clear,1,173.8,Commercial,1,High
3,0,0,Adankolo,Residential,Clear,1,36.33,Private,1,Low
15,4,0,Lokoja_Central_OldMarket,Urban,Clear,2,104.87,Mixed,1,Medium
19,5,1,Nataco,Urban,Clear,2,190.59,Commercial,1,High
7,0,0,Ganaja,Urban,Clear,1,116.14,Mixed,0,Medium
16,0,0,Kabba_Junction,Urban,Clear,2,186.98,Commercial,1,High
15,5,1,Felele,Highway,Rain,1,95.59,Mixed,1,Low
7,1,0,Lokoja_Central_OldMarket,Urban,Clear,2,156.2,Commercial,1,High
20,4,0,Lokoja_Central_OldMarket,Urban,Rain,3,210.68,Mixed,1,High
13,3,0,Nataco,Highway,Rain,3,137.68,Private,1,Medium
18,6,1,Kabba_Junction,Urban,Rain,2,225.0,Commercial,1,High
12,1,0,Adankolo,Residential,Clear,2,84.84,Mixed,1,Low
19,6,1,Lokoja_Central_OldMarket,Urban,Clear,2,175.51,Mixed,1,High
5,1,0,Adankolo,Residential,Clear,1,41.04,Private,1,Low
8,2,0,Zango,Residential,Clear,1,76.57,Private,0,Low
19,5,1,Phase_I,Residential,Rain,2,130.31,Private,0,Medium
16,3,0,Lokoja_Central_OldMarket,Urban,Clear,2,203.2,Mixed,1,High
13,0,0,Phase_I,Residential,Clear,2,51.86,Private,0,Low
11,4,0,Nataco,Urban,Clear,2,93.51,Mixed,0,Low
14,4,0,Ganaja,Urban,Rain,2,144.09,Commercial,1,Medium
18,5,1,Lokoja_Central_OldMarket,Urban,Clear,1,174.52,Commercial,1,High
17,6,1,Adankolo,Urban,Rain,1,133.36,Private,0,Medium
2,1,0,Phase_I,Residential,Rain,2,44.08,Private,0,Low
17,2,0,Nataco,Highway,Clear,1,167.04,Private,1,High
20,3,0,Nataco,Urban,Rain,2,189.97,Commercial,1,High
13,3,0,Felele,Highway,Clear,2,109.51,Commercial,1,Medium
13,5,1,Nataco,Urban,Clear,1,104.1,Commercial,0,Medium
17,6,1,Zango,Urban,Rain,2,147.11,Private,0,High
18,0,0,Lokoja_Central_OldMarket,Urban,Rain,2,225.0,Commercial,1,High
13,2,0,Nataco,Highway,Clear,2,124.01,Commercial,1,Medium
18,3,0,Ganaja,Residential,Clear,1,131.66,Mixed,0,Medium
16,5,1,Zango,Residential,Clear,3,99.17,Mixed,0,Low
17,6,1,Zango,Residential,Clear,1,76.38,Private,0,Low
7,5,1,Zango,Residential,Clear,1,64.8,Private,0,Low
1,4,0,Ganaja,Highway,Rain,1,96.86,Private,1,Low
18,3,0,Ganaja,Highway,Rain,2,184.29,Private,1,High
20,6,1,Ganaja,Highway,Clear,2,135.1,Private,1,Medium
19,4,0,Lokoja_Central_OldMarket,Urban,Clear,3,212.51,Mixed,1,High
8,5,1,Zango,Highway,Clear,2,74.73,Private,0,Low
16,4,0,Lokoja_Central_OldMarket,Urban,Rain,2,222.85,Commercial,1,High
17,4,0,Kabba_Junction,Urban,Clear,3,201.51,Commercial,1,High
15,5,1,Zango,Residential,Clear,1,33.51,Private,0,Low
14,1,0,Nataco,Urban,Rain,1,127.76,Private,1,Medium
18,4,0,Ganaja,Urban,Clear,1,171.66,Commercial,1,High
16,1,0,Zango,Residential,Rain,2,139.06,Private,0,Medium
23,3,0,Ganaja,Urban,Clear,3,80.93,Mixed,0,Low
2,3,0,Felele,Highway,Clear,1,70.65,Private,1,Low
6,2,0,Adankolo,Residential,Clear,1,105.49,Mixed,1,Medium
14,6,1,Ganaja,Highway,Clear,1,97.78,Commercial,1,Low
11,2,0,Ganaja,Urban,Clear,1,113.58,Mixed,1,Medium
19,4,0,Nataco,Urban,Clear,1,180.64,Commercial,1,High
23,5,1,Phase_I,Residential,Clear,2,8.0,Private,0,Low
10,0,0,Zango,Residential,Clear,1,32.27,Private,0,Low
14,5,1,Adankolo,Residential,Clear,1,40.9,Commercial,0,Low
19,1,0,Phase_I,Highway,Clear,1,103.43,Private,0,Medium
12,3,0,Felele,Highway,Rain,3,110.19,Private,0,Medium
10,5,1,Ganaja,Urban,Clear,2,95.94,Private,1,Low
17,6,1,Adankolo,Highway,Clear,1,100.67,Private,0,Low
22,2,0,Adankolo,Residential,Clear,2,29.58,Private,0,Low
21,5,1,Kabba_Junction,Urban,Rain,2,139.65,Commercial,1,Medium
9,5,1,Lokoja_Central_OldMarket,Highway,Clear,2,149.59,Commercial,1,High
9,4,0,Felele,Urban,Clear,2,120.71,Private,1,Medium
2,3,0,Nataco,Urban,Rain,3,127.38,Commercial,1,Medium
17,3,0,Ganaja,Urban,Clear,3,183.5,Private,1,High
15,5,1,Phase_I,Urban,Rain,3,96.62,Private,0,Low
19,6,1,Ganaja,Residential,Rain,1,142.18,Private,0,Medium
9,5,1,Ganaja,Highway,Clear,1,110.93,Private,0,Medium
6,1,0,Adankolo,Highway,Clear,1,111.15,Private,1,Medium
16,5,1,Phase_I,Residential,Clear,1,95.46,Private,1,Low
7,2,0,Zango,Urban,Clear,1,97.23,Commercial,0,Low
8,2,0,Felele,Urban,Clear,1,130.86,Mixed,1,Medium
20,5,1,Adankolo,Residential,Clear,1,96.45,Private,0,Low
13,4,0,Nataco,Highway,Rain,2,123.13,Private,1,Medium
17,4,0,Phase_I,Urban,Clear,2,138.08,Private,0,Medium
14,4,0,Ganaja,Urban,Clear,2,112.53,Private,1,Medium
14,4,0,Nataco,Urban,Clear,2,119.2,Mixed,1,Medium
1,2,0,Adankolo,Residential,Clear,1,52.79,Commercial,1,Low
23,0,0,Zango,Residential,Clear,2,47.82,Mixed,1,Low
11,3,0,Nataco,Residential,Rain,3,96.73,Mixed,1,Low
19,0,0,Kabba_Junction,Urban,Clear,1,190.92,Commercial,1,High
17,4,0,Nataco,Urban,Clear,1,171.14,Mixed,1,High
20,6,1,Lokoja_Central_OldMarket,Urban,Rain,2,194.0,Mixed,1,High
16,5,1,Phase_I,Highway,Clear,2,118.47,Mixed,0,Medium
18,1,0,Ganaja,Urban,Clear,2,142.09,Private,0,Medium
9,1,0,Zango,Residential,Clear,2,72.62,Private,0,Low
18,1,0,Felele,Highway,Rain,2,175.87,Commercial,0,High
7,3,0,Kabba_Junction,Urban,Rain,1,177.95,Mixed,1,High
3,3,0,Zango,Residential,Clear,2,47.26,Mixed,0,Low
5,5,1,Phase_I,Urban,Clear,1,17.36,Private,0,Low
19,4,0,Adankolo,Highway,Clear,3,177.25,Commercial,0,High
22,0,0,Adankolo,Residential,Clear,1,26.15,Private,0,Low
8,2,0,Adankolo,Urban,Clear,1,135.67,Commercial,1,Medium
23,3,0,Adankolo,Urban,Clear,2,81.07,Mixed,1,Low
18,0,0,Kabba_Junction,Highway,Clear,1,166.9,Commercial,1,High
14,5,1,Zango,Highway,Rain,2,84.32,Private,0,Low
18,2,0,Lokoja_Central_OldMarket,Urban,Clear,2,193.32,Mixed,1,High
19,6,1,Felele,Highway,Clear,2,135.9,Commercial,0,Medium
0,4,0,Nataco,Urban,Rain,3,100.42,Commercial,0,Low
0,5,1,Kabba_Junction,Highway,Clear,2,86.03,Mixed,1,Low
20,0,0,Zango,Residential,Clear,1,104.07,Mixed,0,Medium
22,3,0,Ganaja,Residential,Rain,2,63.3,Mixed,0,Low
18,0,0,Nataco,Urban,Clear,1,180.71,Mixed,1,High
10,6,1,Zango,Residential,Rain,2,24.71,Private,0,Low
9,0,0,Felele,Urban,Clear,2,136.44,Commercial,0,Medium
7,6,1,Adankolo,Urban,Clear,2,128.64,Mixed,1,Medium
12,4,0,Nataco,Highway,Rain,1,116.61,Mixed,0,Medium
19,2,0,Felele,Highway,Clear,2,152.37,Commercial,0,High
18,3,0,Ganaja,Urban,Clear,2,177.32,Private,1,High
19,5,1,Lokoja_Central_OldMarket,Urban,Clear,1,179.76,Mixed,1,High
11,0,0,Lokoja_Central_OldMarket,Urban,Clear,1,103.53,Mixed,1,Medium
12,0,0,Lokoja_Central_OldMarket,Urban,Rain,1,153.82,Commercial,1,High
18,5,1,Phase_I,Residential,Clear,1,89.17,Private,0,Low
14,0,0,Lokoja_Central_OldMarket,Urban,Clear,3,149.16,Mixed,1,High
18,3,0,Ganaja,Urban,Rain,1,197.83,Mixed,1,High
10,6,1,Phase_I,Residential,Clear,2,11.99,Private,0,Low
14,1,0,Zango,Residential,Clear,2,59.44,Mixed,0,Low
19,3,0,Nataco,Residential,Clear,2,147.22,Mixed,0,High
1,5,1,Nataco,Highway,Clear,2,84.76,Mixed,1,Low
14,5,1,Kabba_Junction,Urban,Clear,1,104.65,Mixed,1,Medium
16,4,0,Nataco,Urban,Clear,2,153.18,Private,1,High
15,5,1,Zango,Urban,Clear,2,84.6,Mixed,0,Low
15,5,1,Felele,Highway,Clear,1,59.38,Private,0,Low
15,4,0,Felele,Urban,Clear,2,124.34,Mixed,1,Medium
7,0,0,Ganaja,Urban,Rain,3,156.82,Private,1,High
15,2,0,Ganaja,Urban,Clear,2,121.87,Private,1,Medium
6,6,1,Nataco,Urban,Rain,1,113.12,Private,0,Medium
13,6,1,Nataco,Urban,Clear,2,127.75,Commercial,1,Medium
7,4,0,Nataco,Urban,Clear,2,137.94,Mixed,1,Medium
15,2,0,Kabba_Junction,Urban,Clear,2,101.05,Mixed,0,Low
16,4,0,Nataco,Urban,Clear,2,181.65,Mixed,1,High
16,5,1,Lokoja_Central_OldMarket,Urban,Clear,1,149.78,Mixed,1,High
12,1,0,Ganaja,Urban,Rain,3,155.91,Commercial,1,High
7,6,1,Nataco,Urban,Clear,2,148.8,Mixed,1,High
22,4,0,Felele,Highway,Clear,1,42.47,Commercial,0,Low
8,0,0,Kabba_Junction,Urban,Rain,2,172.24,Mixed,1,High
6,0,0,Kabba_Junction,Urban,Rain,2,167.96,Private,1,High
18,5,1,Adankolo,Urban,Clear,2,160.8,Private,1,High
13,0,0,Adankolo,Urban,Clear,2,76.16,Private,0,Low
7,1,0,Adankolo,Residential,Clear,1,93.76,Commercial,0,Low
22,2,0,Kabba_Junction,Urban,Clear,1,80.22,Private,0,Low
21,2,0,Phase_I,Urban,Clear,2,58.14,Private,0,Low
18,5,1,Nataco,Urban,Clear,1,177.5,Commercial,1,High
12,5,1,Kabba_Junction,Highway,Clear,1,69.37,Mixed,0,Low
18,5,1,Lokoja_Central_OldMarket,Residential,Rain,2,208.38,Commercial,1,High
14,2,0,Phase_I,Residential,Clear,1,40.47,Private,0,Low
17,0,0,Lokoja_Central_OldMarket,Urban,Rain,1,225.0,Commercial,1,High
23,1,0,Phase_I,Residential,Clear,1,15.49,Private,0,Low
5,5,1,Phase_I,Urban,Clear,1,17.71,Private,0,Low
0,3,0,Lokoja_Central_OldMarket,Urban,Clear,1,84.72,Mixed,1,Low
6,6,1,Nataco,Urban,Rain,2,161.78,Mixed,1,High
18,6,1,Phase_I,Residential,Clear,2,107.49,Private,1,Medium
7,2,0,Adankolo,Highway,Clear,2,136.74,Mixed,1,Medium
18,4,0,Adankolo,Urban,Clear,2,149.27,Mixed,0,High
8,4,0,Felele,Highway,Rain,3,126.73,Private,0,Medium
18,2,0,Felele,Highway,Clear,1,146.74,Private,1,Medium
17,0,0,Ganaja,Residential,Clear,2,114.76,Private,0,Medium
17,6,1,Ganaja,Residential,Clear,1,121.23,Mixed,1,Medium
21,6,1,Nataco,Urban,Clear,1,93.51,Commercial,1,Low
7,0,0,Kabba_Junction,Urban,Clear,1,141.88,Mixed,1,Medium
16,6,1,Felele,Highway,Rain,2,180.2,Mixed,1,High
16,0,0,Kabba_Junction,Urban,Clear,2,185.85,Commercial,1,High
7,2,0,Ganaja,Highway,Clear,2,129.67,Private,1,Medium
18,0,0,Nataco,Urban,Rain,2,225.0,Commercial,1,High
14,0,0,Ganaja,Highway,Clear,2,109.84,Mixed,1,Medium
14,0,0,Phase_I,Urban,Rain,1,84.26,Mixed,0,Low
1,6,1,Zango,Residential,Clear,2,8.0,Private,0,Low
11,4,0,Felele,Urban,Clear,1,98.79,Mixed,1,Low
20,6,1,Kabba_Junction,Highway,Clear,1,148.55,Mixed,1,High
16,3,0,Nataco,Residential,Rain,2,170.84,Private,1,High
7,3,0,Lokoja_Central_OldMarket,Urban,Clear,1,162.52,Commercial,1,High
18,2,0,Lokoja_Central_OldMarket,Urban,Clear,3,191.78,Mixed,1,High
18,0,0,Lokoja_Central_OldMarket,Urban,Rain,1,208.15,Commercial,1,High
17,3,0,Lokoja_Central_OldMarket,Urban,Clear,1,154.52,Mixed,0,High
10,6,1,Nataco,Highway,Clear,3,116.69,Mixed,1,Medium
6,0,0,Lokoja_Central_OldMarket,Urban,Rain,2,191.29,Mixed,1,High
9,0,0,Lokoja_Central_OldMarket,Urban,Clear,1,158.34,Mixed,1,High
18,2,0,Nataco,Urban,Clear,3,166.78,Mixed,0,High
19,4,0,Adankolo,Urban,Clear,1,156.08,Commercial,0,High
6,6,1,Nataco,Urban,Clear,3,117.34,Private,1,Medium
4,0,0,Kabba_Junction,Urban,Rain,3,138.86,Commercial,1,Medium
21,3,0,Phase_I,Residential,Clear,1,41.91,Mixed,0,Low
7,2,0,Nataco,Urban,Clear,1,160.04,Commercial,1,High
5,3,0,Lokoja_Central_OldMarket,Urban,Clear,2,104.71,Commercial,1,Medium
19,3,0,Adankolo,Urban,Rain,1,174.55,Commercial,0,High
8,6,1,Adankolo,Urban,Rain,3,133.53,Private,0,Medium
6,5,1,Kabba_Junction,Urban,Rain,3,194.37,Commercial,1,High
21,6,1,Kabba_Junction,Urban,Clear,2,106.98,Mixed,1,Medium
17,2,0,Zango,Residential,Rain,3,159.0,Private,1,High
5,1,0,Felele,Urban,Clear,2,102.28,Commercial,1,Low
10,1,0,Zango,Residential,Clear,3,88.8,Commercial,1,Low
19,0,0,Nataco,Residential,Clear,1,131.82,Mixed,1,Medium
7,3,0,Adankolo,Residential,Rain,2,129.56,Private,1,Medium
16,1,0,Nataco,Highway,Clear,2,162.43,Mixed,1,High
16,6,1,Zango,Residential,Rain,3,106.55,Mixed,0,Medium
7,5,1,Lokoja_Central_OldMarket,Urban,Rain,2,165.07,Mixed,1,High
18,2,0,Nataco,Urban,Clear,1,182.38,Mixed,1,High
18,1,0,Phase_I,Residential,Clear,1,102.08,Private,0,Low
20,5,1,Adankolo,Urban,Clear,1,129.69,Commercial,0,Medium
10,3,0,Lokoja_Central_OldMarket,Urban,Clear,3,108.46,Private,0,Medium
20,5,1,Lokoja_Central_OldMarket,Highway,Clear,1,165.7,Mixed,1,High
17,5,1,Zango,Residential,Clear,1,84.93,Private,0,Low
15,3,0,Lokoja_Central_OldMarket,Urban,Clear,2,133.67,Mixed,1,Medium
7,2,0,Zango,Residential,Clear,3,101.06,Mixed,0,Low
9,5,1,Ganaja,Urban,Clear,1,116.36,Private,1,Medium
9,0,0,Lokoja_Central_OldMarket,Urban,Rain,1,174.48,Mixed,1,High
8,0,0,Phase_I,Residential,Rain,1,90.19,Private,0,Low
20,5,1,Lokoja_Central_OldMarket,Urban,Rain,1,188.57,Mixed,1,High
13,1,0,Zango,Residential,Rain,1,56.45,Mixed,0,Low
8,5,1,Zango,Urban,Clear,1,87.09,Commercial,0,Low
13,6,1,Lokoja_Central_OldMarket,Urban,Clear,1,109.52,Commercial,1,Medium
22,0,0,Zango,Residential,Clear,1,17.9,Mixed,0,Low
12,3,0,Felele,Highway,Clear,2,109.94,Commercial,1,Medium
12,2,0,Felele,Urban,Clear,1,103.27,Commercial,1,Medium
19,2,0,Kabba_Junction,Urban,Rain,1,194.36,Commercial,1,High
9,3,0,Felele,Urban,Clear,1,128.21,Commercial,0,Medium
14,2,0,Phase_I,Residential,Clear,1,64.61,Mixed,0,Low
1,1,0,Phase_I,Highway,Clear,1,43.29,Mixed,1,Low
7,2,0,Phase_I,Residential,Clear,1,69.07,Private,0,Low
20,4,0,Ganaja,Urban,Rain,2,174.69,Private,1,High
2,6,1,Ganaja,Residential,Clear,1,31.39,Private,1,Low
18,6,1,Felele,Highway,Rain,1,175.03,Mixed,1,High
21,5,1,Zango,Residential,Clear,1,8.0,Private,0,Low
19,3,0,Ganaja,Urban,Rain,2,173.97,Private,0,High
9,5,1,Lokoja_Central_OldMarket,Urban,Rain,1,163.24,Private,1,High
7,6,1,Kabba_Junction,Urban,Clear,1,125.99,Private,1,Medium
7,0,0,Felele,Residential,Clear,1,111.78,Mixed,1,Medium
7,5,1,Adankolo,Residential,Rain,2,78.05,Private,0,Low
7,5,1,Phase_I,Urban,Clear,2,101.49,Mixed,0,Low
17,2,0,Felele,Urban,Clear,3,151.98,Mixed,0,High
11,4,0,Kabba_Junction,Highway,Clear,3,120.97,Mixed,0,Medium
14,6,1,Felele,Highway,Clear,3,98.63,Commercial,0,Low
10,4,0,Phase_I,Residential,Clear,1,29.15,Mixed,0,Low
10,0,0,Lokoja_Central_OldMarket,Urban,Rain,1,164.23,Commercial,1,High
5,4,0,Nataco,Urban,Clear,2,92.18,Mixed,1,Low
20,6,1,Phase_I,Urban,Clear,2,86.91,Private,0,Low
10,1,0,Lokoja_Central_OldMarket,Urban,Clear,3,121.92,Mixed,1,Medium
15,3,0,Phase_I,Residential,Clear,1,47.15,Private,0,Low
21,6,1,Nataco,Urban,Rain,3,127.79,Commercial,1,Medium
1,5,1,Kabba_Junction,Urban,Clear,2,81.24,Mixed,0,Low
0,5,1,Lokoja_Central_OldMarket,Urban,Clear,1,89.49,Mixed,1,Low
12,0,0,Felele,Urban,Rain,1,112.81,Private,1,Medium
6,0,0,Adankolo,Urban,Rain,3,131.26,Private,0,Medium
15,1,0,Felele,Highway,Clear,1,102.02,Mixed,1,Low
16,3,0,Lokoja_Central_OldMarket,Urban,Clear,1,180.36,Mixed,1,High
9,3,0,Lokoja_Central_OldMarket,Urban,Clear,2,198.24,Commercial,1,High
13,0,0,Lokoja_Central_OldMarket,Urban,Clear,1,118.62,Mixed,1,Medium
16,5,1,Lokoja_Central_OldMarket,Urban,Rain,1,205.95,Mixed,1,High
19,6,1,Nataco,Highway,Rain,3,215.62,Mixed,1,High
14,4,0,Felele,Urban,Clear,2,125.68,Mixed,1,Medium
19,1,0,Ganaja,Highway,Clear,2,176.07,Private,1,High
15,5,1,Ganaja,Highway,Clear,2,73.48,Private,0,Low
17,0,0,Nataco,Highway,Clear,1,173.26,Mixed,1,High
16,0,0,Felele,Urban,Rain,1,138.22,Private,0,Medium
8,2,0,Lokoja_Central_OldMarket,Urban,Clear,1,167.28,Commercial,1,High
19,3,0,Kabba_Junction,Highway,Clear,1,167.17,Commercial,1,High
15,6,1,Lokoja_Central_OldMarket,Urban,Clear,1,109.97,Commercial,1,Medium
11,0,0,Adankolo,Residential,Clear,2,38.5,Mixed,0,Low
11,3,0,Lokoja_Central_OldMarket,Urban,Rain,3,136.36,Mixed,1,Medium
2,1,0,Ganaja,Highway,Clear,1,63.96,Private,1,Low
6,6,1,Nataco,Urban,Clear,1,139.22,Private,1,Medium
16,6,1,Phase_I,Residential,Rain,1,93.94,Private,0,Low
15,3,0,Phase_I,Residential,Clear,2,51.39,Private,0,Low
12,4,0,Felele,Urban,Clear,2,99.06,Private,1,Low
8,3,0,Zango,Residential,Clear,2,101.92,Private,1,Low
17,6,1,Kabba_Junction,Urban,Clear,2,171.99,Commercial,1,High
17,5,1,Lokoja_Central_OldMarket,Urban,Clear,2,168.04,Private,1,High
15,4,0,Ganaja,Highway,Rain,1,85.43,Mixed,0,Low
19,4,0,Lokoja_Central_OldMarket,Urban,Clear,2,202.33,Mixed,1,High
7,0,0,Felele,Urban,Rain,1,142.51,Private,1,Medium
18,6,1,Kabba_Junction,Urban,Rain,2,212.91,Mixed,1,High
12,6,1,Zango,Highway,Clear,2,75.71,Private,1,Low
18,6,1,Nataco,Urban,Clear,2,176.54,Commercial,1,High
18,1,0,Kabba_Junction,Urban,Clear,1,179.73,Commercial,1,High
11,3,0,Kabba_Junction,Urban,Clear,1,113.51,Mixed,1,Medium
21,4,0,Lokoja_Central_OldMarket,Highway,Clear,2,122.96,Commercial,1,Medium
11,6,1,Felele,Highway,Rain,1,79.76,Private,1,Low
20,5,1,Nataco,Urban,Clear,3,183.02,Mixed,1,High
19,5,1,Lokoja_Central_OldMarket,Urban,Clear,2,194.91,Mixed,1,High
10,6,1,Zango,Residential,Rain,2,32.32,Private,0,Low
19,3,0,Ganaja,Urban,Clear,1,171.11,Private,1,High
15,5,1,Lokoja_Central_OldMarket,Urban,Clear,1,122.1,Commercial,1,Medium
15,5,1,Phase_I,Residential,Clear,2,48.92,Private,0,Low
1,0,0,Lokoja_Central_OldMarket,Urban,Clear,1,106.24,Commercial,1,Medium
12,5,1,Nataco,Urban,Clear,2,130.5,Mixed,1,Medium
2,6,1,Lokoja_Central_OldMarket,Highway,Clear,1,86.09,Mixed,1,Low
18,3,0,Nataco,Highway,Clear,2,180.36,Mixed,1,High
9,5,1,Lokoja_Central_OldMarket,Urban,Rain,1,139.3,Private,1,Medium
15,4,0,Lokoja_Central_OldMarket,Urban,Clear,1,135.88,Commercial,1,Medium
18,1,0,Nataco,Urban,Clear,2,203.14,Commercial,1,High
7,1,0,Felele,Highway,Rain,2,147.71,Mixed,0,High
8,1,0,Adankolo,Urban,Clear,1,139.29,Mixed,1,Medium
16,1,0,Kabba_Junction,Urban,Clear,2,182.54,Commercial,1,High
13,0,0,Kabba_Junction,Highway,Clear,1,128.23,Commercial,1,Medium
17,2,0,Phase_I,Residential,Clear,1,84.7,Private,0,Low
19,1,0,Phase_I,Urban,Rain,3,153.67,Private,0,High
16,6,1,Ganaja,Urban,Clear,2,152.74,Commercial,0,High
18,2,0,Nataco,Highway,Clear,1,153.91,Commercial,0,High
5,2,0,Ganaja,Highway,Clear,1,35.71,Private,0,Low
7,4,0,Felele,Residential,Clear,1,105.08,Private,1,Medium
14,0,0,Kabba_Junction,Urban,Rain,1,147.99,Commercial,1,High
17,0,0,Felele,Highway,Clear,2,131.16,Private,0,Medium
7,5,1,Nataco,Urban,Clear,3,148.64,Private,1,High
19,2,0,Ganaja,Highway,Clear,1,174.55,Commercial,1,High
4,5,1,Kabba_Junction,Urban,Rain,2,109.75,Mixed,1,Medium
17,3,0,Kabba_Junction,Urban,Clear,2,195.08,Commercial,1,High
7,5,1,Ganaja,Highway,Rain,1,157.28,Mixed,1,High
20,5,1,Felele,Urban,Rain,3,183.4,Mixed,1,High
19,4,0,Lokoja_Central_OldMarket,Urban,Clear,1,178.54,Commercial,1,High
16,0,0,Kabba_Junction,Urban,Rain,1,181.26,Mixed,1,High
7,0,0,Kabba_Junction,Highway,Clear,2,151.62,Commercial,0,High
20,4,0,Phase_I,Residential,Clear,1,103.71,Private,0,Medium
2,4,0,Nataco,Residential,Clear,2,90.15,Mixed,1,Low
16,3,0,Lokoja_Central_OldMarket,Urban,Clear,2,175.1,Mixed,1,High
12,1,0,Lokoja_Central_OldMarket,Urban,Clear,1,129.74,Mixed,1,Medium
12,0,0,Lokoja_Central_OldMarket,Urban,Clear,1,141.49,Mixed,1,Medium
9,5,1,Nataco,Urban,Clear,2,124.76,Commercial,1,Medium
16,6,1,Felele,Highway,Rain,1,138.89,Private,0,Medium
7,1,0,Ganaja,Highway,Clear,1,113.64,Private,1,Medium
19,6,1,Lokoja_Central_OldMarket,Highway,Clear,1,171.67,Mixed,1,High
1,3,0,Zango,Residential,Rain,1,37.02,Private,0,Low
0,6,1,Felele,Highway,Clear,1,69.89,Mixed,1,Low
8,1,0,Felele,Highway,Clear,1,90.59,Private,0,Low
12,1,0,Ganaja,Highway,Clear,2,119.35,Mixed,1,Medium
20,2,0,Nataco,Highway,Clear,1,146.89,Mixed,0,Medium
14,4,0,Lokoja_Central_OldMarket,Urban,Rain,2,142.17,Private,1,Medium
16,5,1,Nataco,Urban,Clear,2,159.57,Mixed,1,High
19,3,0,Lokoja_Central_OldMarket,Urban,Clear,1,148.61,Commercial,0,High
10,2,0,Ganaja,Urban,Clear,2,99.63,Private,1,Low
21,3,0,Kabba_Junction,Urban,Rain,3,150.59,Commercial,1,High
18,1,0,Adankolo,Residential,Clear,2,149.51,Mixed,1,High
21,5,1,Zango,Residential,Rain,2,52.75,Mixed,0,Low
10,4,0,Phase_I,Residential,Clear,1,31.19,Private,0,Low
19,3,0,Zango,Urban,Rain,2,167.53,Commercial,0,High
15,2,0,Felele,Urban,Clear,2,112.27,Mixed,1,Medium
8,3,0,Zango,Highway,Clear,2,116.96,Mixed,0,Medium
11,3,0,Kabba_Junction,Urban,Clear,1,110.13,Mixed,1,Medium
13,3,0,Kabba_Junction,Highway,Clear,1,128.91,Commercial,1,Medium
6,6,1,Felele,Highway,Clear,2,128.14,Mixed,1,Medium
7,1,0,Adankolo,Urban,Clear,1,123.28,Private,1,Medium
15,6,1,Kabba_Junction,Urban,Rain,1,101.52,Mixed,0,Low
18,2,0,Kabba_Junction,Urban,Clear,2,189.26,Commercial,1,High
13,1,0,Phase_I,Residential,Clear,1,47.22,Private,0,Low
10,2,0,Kabba_Junction,Urban,Clear,1,108.87,Mixed,1,Medium
20,2,0,Adankolo,Urban,Rain,2,185.84,Commercial,1,High
18,1,0,Lokoja_Central_OldMarket,Urban,Clear,1,198.68,Mixed,1,High
12,6,1,Zango,Urban,Rain,2,96.2,Private,1,Low
6,4,0,Phase_I,Urban,Clear,1,81.75,Private,0,Low
22,4,0,Zango,Residential,Clear,2,15.79,Mixed,0,Low
20,3,0,Ganaja,Highway,Clear,2,167.26,Mixed,1,High
13,2,0,Nataco,Urban,Rain,2,126.86,Mixed,1,Medium
14,6,1,Ganaja,Urban,Clear,1,94.83,Mixed,1,Low
11,3,0,Phase_I,Residential,Clear,2,51.71,Mixed,0,Low
16,4,0,Adankolo,Residential,Clear,2,115.79,Private,0,Medium
19,3,0,Kabba_Junction,Urban,Clear,1,172.61,Mixed,1,High
10,1,0,Lokoja_Central_OldMarket,Urban,Clear,2,112.47,Mixed,1,Medium
18,1,0,Lokoja_Central_OldMarket,Urban,Rain,1,210.21,Mixed,1,High
5,6,1,Zango,Urban,Clear,1,40.72,Private,1,Low
19,6,1,Nataco,Urban,Clear,3,168.55,Private,1,High
7,5,1,Adankolo,Urban,Clear,1,122.66,Private,0,Medium
10,5,1,Adankolo,Residential,Clear,1,61.01,Commercial,1,Low
17,0,0,Kabba_Junction,Urban,Clear,1,178.39,Mixed,1,High
8,0,0,Ganaja,Highway,Rain,1,140.62,Private,1,Medium
22,6,1,Felele,Urban,Rain,2,52.05,Private,0,Low
23,6,1,Felele,Urban,Clear,1,32.84,Private,0,Low
2,5,1,Nataco,Urban,Clear,1,79.88,Commercial,1,Low
18,2,0,Phase_I,Residential,Clear,1,107.01,Private,0,Medium
13,6,1,Felele,Highway,Rain,3,113.25,Mixed,1,Medium
18,5,1,Zango,Residential,Rain,2,119.93,Mixed,0,Medium
5,5,1,Lokoja_Central_OldMarket,Urban,Clear,1,94.5,Mixed,1,Low
6,4,0,Felele,Highway,Clear,1,116.76,Commercial,0,Medium
0,1,0,Felele,Residential,Clear,1,62.86,Private,1,Low
18,3,0,Phase_I,Residential,Clear,2,120.94,Mixed,0,Medium
8,4,0,Lokoja_Central_OldMarket,Urban,Clear,1,153.7,Mixed,1,High
16,1,0,Ganaja,Highway,Clear,2,131.05,Private,0,Medium
6,6,1,Kabba_Junction,Urban,Rain,1,146.42,Mixed,1,Medium
10,2,0,Phase_I,Residential,Clear,1,25.16,Private,0,Low
15,5,1,Kabba_Junction,Highway,Rain,3,141.4,Mixed,1,Medium
14,2,0,Lokoja_Central_OldMarket,Residential,Rain,3,150.93,Mixed,1,High
16,4,0,Lokoja_Central_OldMarket,Urban,Clear,2,179.47,Mixed,1,High
8,6,1,Kabba_Junction,Urban,Clear,1,138.07,Commercial,1,Medium
20,5,1,Ganaja,Residential,Rain,3,170.2,Commercial,1,High
3,6,1,Nataco,Highway,Clear,2,54.73,Mixed,0,Low
21,5,1,Adankolo,Urban,Clear,1,65.51,Mixed,1,Low
14,1,0,Lokoja_Central_OldMarket,Urban,Rain,3,116.81,Private,0,Medium
7,2,0,Lokoja_Central_OldMarket,Urban,Clear,1,161.92,Mixed,1,High
18,1,0,Adankolo,Urban,Clear,2,178.58,Mixed,1,High
8,2,0,Adankolo,Urban,Clear,1,123.79,Private,1,Medium
11,2,0,Nataco,Urban,Clear,2,108.32,Private,1,Medium
13,6,1,Kabba_Junction,Urban,Clear,2,105.45,Mixed,1,Medium
8,4,0,Zango,Residential,Clear,1,92.06,Private,1,Low
8,4,0,Kabba_Junction,Urban,Clear,3,178.63,Commercial,1,High
17,5,1,Lokoja_Central_OldMarket,Urban,Clear,1,183.21,Commercial,1,High
2,5,1,Zango,Urban,Rain,2,37.22,Private,0,Low
9,5,1,Nataco,Residential,Rain,1,140.38,Commercial,1,Medium
22,4,0,Zango,Urban,Clear,1,46.32,Mixed,0,Low
7,2,0,Felele,Highway,Rain,2,134.55,Mixed,0,Medium
23,0,0,Zango,Residential,Clear,1,32.39,Mixed,0,Low
18,4,0,Zango,Residential,Clear,1,120.48,Private,0,Medium
10,4,0,Lokoja_Central_OldMarket,Urban,Clear,1,118.16,Commercial,1,Medium
17,4,0,Phase_I,Residential,Clear,2,108.94,Private,0,Medium
15,5,1,Lokoja_Central_OldMarket,Urban,Rain,3,163.98,Commercial,1,High
12,3,0,Adankolo,Residential,Clear,1,53.48,Private,0,Low
23,4,0,Kabba_Junction,Urban,Clear,1,94.61,Mixed,1,Low
17,3,0,Lokoja_Central_OldMarket,Urban,Clear,1,174.39,Mixed,1,High
8,3,0,Adankolo,Urban,Rain,3,169.93,Mixed,1,High
3,3,0,Phase_I,Residential,Clear,1,30.96,Private,0,Low
12,2,0,Nataco,Residential,Clear,2,114.02,Commercial,1,Medium
2,0,0,Nataco,Highway,Clear,1,59.87,Mixed,0,Low
14,5,1,Zango,Urban,Rain,2,65.92,Private,0,Low
9,0,0,Felele,Residential,Clear,1,107.38,Commercial,0,Medium
20,4,0,Lokoja_Central_OldMarket,Urban,Clear,2,196.4,Mixed,1,High
8,3,0,Lokoja_Central_OldMarket,Urban,Clear,2,184.49,Commercial,1,High
16,0,0,Ganaja,Urban,Rain,1,188.06,Private,1,High
18,2,0,Ganaja,Highway,Clear,2,141.85,Mixed,0,Medium
18,3,0,Kabba_Junction,Urban,Clear,2,161.96,Private,0,High
0,3,0,Phase_I,Residential,Clear,2,23.35,Mixed,0,Low
5,4,0,Lokoja_Central_OldMarket,Urban,Rain,2,124.48,Mixed,1,Medium
3,2,0,Lokoja_Central_OldMarket,Urban,Clear,3,131.4,Commercial,1,Medium
7,5,1,Kabba_Junction,Urban,Clear,3,171.99,Commercial,1,High
18,2,0,Zango,Urban,Clear,1,118.22,Mixed,0,Medium
9,1,0,Lokoja_Central_OldMarket,Urban,Clear,1,160.3,Mixed,1,High
3,4,0,Adankolo,Highway,Clear,3,63.79,Private,0,Low
16,2,0,Kabba_Junction,Urban,Clear,1,159.33,Commercial,0,High
18,3,0,Ganaja,Urban,Rain,2,186.64,Commercial,0,High
19,6,1,Felele,Highway,Rain,1,167.63,Mixed,1,High
17,2,0,Adankolo,Urban,Clear,2,162.72,Commercial,1,High
16,0,0,Phase_I,Urban,Clear,1,128.81,Private,0,Medium
1,1,0,Ganaja,Highway,Clear,2,60.58,Private,1,Low
19,2,0,Ganaja,Highway,Clear,1,173.06,Commercial,1,High
20,6,1,Nataco,Residential,Rain,2,145.48,Mixed,1,Medium
16,6,1,Adankolo,Urban,Clear,1,105.93,Private,0,Medium
20,2,0,Nataco,Residential,Clear,2,158.65,Mixed,1,High
13,0,0,Adankolo,Residential,Clear,2,68.31,Mixed,1,Low
10,2,0,Lokoja_Central_OldMarket,Urban,Clear,1,120.32,Commercial,1,Medium
18,4,0,Lokoja_Central_OldMarket,Urban,Rain,1,200.6,Mixed,1,High
6,6,1,Felele,Urban,Rain,2,153.61,Commercial,1,High
13,0,0,Kabba_Junction,Urban,Clear,1,109.21,Mixed,0,Medium
15,4,0,Kabba_Junction,Urban,Clear,1,121.46,Commercial,1,Medium
13,1,0,Lokoja_Central_OldMarket,Highway,Clear,1,113.36,Mixed,1,Medium
17,4,0,Felele,Highway,Clear,1,161.91,Commercial,1,High
4,6,1,Adankolo,Highway,Clear,1,15.73,Mixed,0,Low
10,5,1,Felele,Highway,Rain,2,96.53,Mixed,1,Low
17,6,1,Phase_I,Residential,Clear,1,109.24,Private,1,Medium
19,2,0,Adankolo,Highway,Rain,3,186.05,Mixed,1,High
15,3,0,Ganaja,Urban,Clear,1,95.41,Mixed,1,Low
8,5,1,Ganaja,Highway,Clear,1,103.0,Mixed,0,Low
21,4,0,Phase_I,Urban,Clear,1,50.74,Private,0,Low
9,3,0,Lokoja_Central_OldMarket,Urban,Clear,1,159.79,Commercial,1,High
19,4,0,Phase_I,Residential,Clear,2,112.5,Mixed,0,Medium
12,4,0,Nataco,Urban,Rain,2,145.93,Private,1,Medium
20,0,0,Ganaja,Highway,Rain,1,154.14,Commercial,0,High
22,0,0,Felele,Highway,Rain,1,62.45,Mixed,0,Low
12,3,0,Nataco,Urban,Clear,2,128.13,Mixed,1,Medium
11,3,0,Lokoja_Central_OldMarket,Residential,Clear,1,100.03,Commercial,1,Low
13,1,0,Lokoja_Central_OldMarket,Urban,Rain,2,140.21,Mixed,1,Medium
7,4,0,Nataco,Highway,Clear,1,123.61,Mixed,1,Medium
18,2,0,Nataco,Urban,Clear,2,161.18,Mixed,0,High
6,3,0,Zango,Urban,Rain,3,114.5,Private,0,Medium
16,1,0,Ganaja,Highway,Clear,2,152.77,Private,1,High
10,0,0,Phase_I,Residential,Rain,3,63.21,Mixed,0,Low
9,1,0,Lokoja_Central_OldMarket,Highway,Clear,1,176.92,Commercial,1,High
14,1,0,Ganaja,Highway,Clear,1,85.66,Mixed,0,Low
18,2,0,Lokoja_Central_OldMarket,Urban,Clear,1,192.72,Commercial,1,High
16,1,0,Felele,Highway,Clear,1,128.57,Mixed,0,Medium
23,1,0,Felele,Highway,Clear,1,41.58,Private,0,Low
17,5,1,Felele,Urban,Clear,2,156.29,Private,1,High
12,2,0,Ganaja,Residential,Clear,1,83.83,Private,1,Low
8,4,0,Phase_I,Urban,Clear,3,112.87,Private,0,Medium
20,5,1,Nataco,Highway,Clear,1,158.49,Commercial,1,High
19,2,0,Felele,Highway,Rain,3,163.41,Private,0,High
7,4,0,Lokoja_Central_OldMarket,Urban,Clear,2,175.41,Mixed,1,High
11,5,1,Kabba_Junction,Urban,Rain,2,142.89,Mixed,1,Medium
17,0,0,Lokoja_Central_OldMarket,Urban,Clear,2,183.85,Mixed,1,High
7,0,0,Felele,Urban,Clear,3,138.35,Commercial,0,Medium
20,6,1,Adankolo,Urban,Clear,1,142.89,Private,1,Medium
23,2,0,Zango,Highway,Rain,3,58.71,Private,0,Low
18,1,0,Felele,Urban,Clear,1,170.26,Commercial,1,High
18,6,1,Nataco,Highway,Rain,3,195.64,Mixed,1,High
16,4,0,Felele,Highway,Rain,3,184.41,Commercial,1,High
8,3,0,Zango,Residential,Rain,1,81.1,Private,0,Low
22,0,0,Nataco,Highway,Rain,2,94.86,Mixed,0,Low
15,3,0,Felele,Urban,Clear,1,112.66,Mixed,1,Medium
7,0,0,Kabba_Junction,Urban,Clear,2,159.27,Commercial,1,High
9,4,0,Zango,Residential,Clear,1,90.25,Private,1,Low
8,5,1,Felele,Highway,Clear,2,90.47,Private,0,Low
21,0,0,Adankolo,Urban,Clear,1,70.04,Mixed,0,Low
16,2,0,Adankolo,Urban,Clear,2,130.7,Private,0,Medium
6,4,0,Adankolo,Urban,Rain,3,144.34,Private,1,Medium
16,1,0,Kabba_Junction,Highway,Clear,1,190.16,Mixed,1,High
9,6,1,Nataco,Urban,Rain,2,174.51,Commercial,1,High
18,0,0,Phase_I,Urban,Clear,2,128.29,Mixed,0,Medium
9,5,1,Adankolo,Residential,Clear,2,75.93,Private,1,Low
16,0,0,Felele,Highway,Rain,1,181.76,Private,1,High
15,1,0,Lokoja_Central_OldMarket,Urban,Rain,3,162.78,Mixed,1,High
9,1,0,Lokoja_Central_OldMarket,Urban,Clear,1,148.17,Commercial,1,High
21,0,0,Felele,Urban,Rain,3,136.7,Commercial,1,Medium
7,6,1,Lokoja_Central_OldMarket,Urban,Clear,2,130.42,Mixed,1,Medium
12,5,1,Felele,Urban,Clear,2,103.31,Private,1,Medium
8,3,0,Ganaja,Urban,Clear,1,134.28,Mixed,1,Medium
11,3,0,Adankolo,Highway,Clear,2,88.79,Private,1,Low
19,3,0,Nataco,Highway,Clear,2,173.88,Mixed,1,High
21,1,0,Ganaja,Highway,Clear,2,103.25,Mixed,1,Medium
13,0,0,Adankolo,Residential,Clear,3,109.52,Mixed,1,Medium
16,1,0,Zango,Residential,Rain,2,141.5,Private,1,Medium
19,5,1,Phase_I,Residential,Clear,2,102.28,Mixed,0,Low
21,1,0,Nataco,Urban,Clear,1,84.05,Private,1,Low
16,3,0,Nataco,Urban,Rain,2,213.12,Commercial,1,High
0,5,1,Lokoja_Central_OldMarket,Urban,Clear,1,101.2,Mixed,1,Low
19,6,1,Felele,Highway,Clear,3,134.05,Mixed,0,Medium
11,0,0,Lokoja_Central_OldMarket,Urban,Clear,2,143.63,Commercial,1,Medium
8,2,0,Kabba_Junction,Urban,Clear,3,157.1,Mixed,0,High
8,5,1,Adankolo,Urban,Clear,1,86.73,Private,0,Low
14,6,1,Lokoja_Central_OldMarket,Urban,Clear,2,136.47,Commercial,1,Medium
19,5,1,Adankolo,Residential,Clear,1,104.28,Mixed,0,Medium
22,0,0,Lokoja_Central_OldMarket,Urban,Clear,3,110.31,Mixed,1,Medium
1,3,0,Zango,Residential,Clear,2,30.12,Mixed,0,Low
20,1,0,Phase_I,Residential,Clear,2,107.31,Private,0,Medium
14,5,1,Felele,Highway,Clear,2,110.48,Commercial,1,Medium
14,2,0,Adankolo,Urban,Clear,3,105.5,Mixed,0,Medium
18,2,0,Kabba_Junction,Urban,Rain,2,214.41,Commercial,0,High
13,2,0,Kabba_Junction,Urban,Clear,1,120.51,Mixed,1,Medium
15,1,0,Ganaja,Urban,Rain,3,139.01,Mixed,0,Medium
15,4,0,Nataco,Highway,Rain,3,165.92,Mixed,1,High
7,4,0,Adankolo,Residential,Clear,1,108.93,Mixed,1,Medium
1,4,0,Phase_I,Residential,Clear,2,48.74,Mixed,1,Low
8,6,1,Kabba_Junction,Urban,Clear,1,142.77,Commercial,1,Medium
10,4,0,Ganaja,Urban,Clear,1,89.54,Private,1,Low
12,0,0,Kabba_Junction,Urban,Clear,2,72.05,Private,0,Low
19,2,0,Lokoja_Central_OldMarket,Urban,Clear,2,205.22,Commercial,1,High
16,1,0,Kabba_Junction,Urban,Clear,3,162.16,Private,0,High
12,2,0,Nataco,Urban,Clear,1,117.91,Commercial,1,Medium
12,4,0,Ganaja,Highway,Clear,2,113.68,Mixed,1,Medium
7,2,0,Zango,Residential,Rain,1,106.6,Private,0,Medium
17,1,0,Lokoja_Central_OldMarket,Urban,Clear,1,149.91,Mixed,0,High
8,5,1,Ganaja,Highway,Clear,2,137.24,Mixed,1,Medium
7,0,0,Lokoja_Central_OldMarket,Urban,Clear,1,146.48,Commercial,1,Medium
2,2,0,Ganaja,Residential,Clear,1,30.12,Commercial,0,Low
18,4,0,Kabba_Junction,Urban,Clear,2,186.37,Commercial,1,High
11,1,0,Lokoja_Central_OldMarket,Urban,Clear,3,141.93,Mixed,1,Medium
6,1,0,Ganaja,Highway,Clear,3,148.51,Private,1,High
17,6,1,Lokoja_Central_OldMarket,Urban,Rain,2,192.65,Mixed,1,High
11,6,1,Nataco,Residential,Clear,1,49.83,Commercial,0,Low
6,5,1,Lokoja_Central_OldMarket,Urban,Clear,2,149.23,Mixed,1,High
18,0,0,Lokoja_Central_OldMarket,Urban,Clear,2,182.09,Mixed,1,High
20,0,0,Lokoja_Central_OldMarket,Urban,Rain,1,196.09,Commercial,1,High
7,2,0,Lokoja_Central_OldMarket,Urban,Clear,1,172.16,Commercial,1,High
16,4,0,Ganaja,Urban,Clear,1,154.93,Commercial,1,High
9,6,1,Ganaja,Residential,Clear,2,99.53,Mixed,1,Low
13,0,0,Kabba_Junction,Urban,Clear,1,130.43,Mixed,1,Medium
23,0,0,Nataco,Urban,Clear,2,104.64,Mixed,1,Medium
12,3,0,Felele,Urban,Clear,1,101.48,Private,1,Low
19,1,0,Phase_I,Residential,Clear,1,92.49,Private,0,Low
12,4,0,Felele,Urban,Clear,1,92.39,Mixed,1,Low
21,1,0,Lokoja_Central_OldMarket,Residential,Rain,1,111.81,Mixed,1,Medium
18,4,0,Ganaja,Highway,Clear,2,132.42,Private,0,Medium
21,3,0,Ganaja,Urban,Clear,1,108.18,Commercial,1,Medium
18,6,1,Lokoja_Central_OldMarket,Urban,Clear,1,162.17,Private,1,High
16,0,0,Adankolo,Residential,Clear,1,108.74,Commercial,0,Medium
15,6,1,Phase_I,Residential,Clear,3,63.15,Private,1,Low
12,2,0,Phase_I,Residential,Clear,2,65.26,Mixed,0,Low
13,2,0,Adankolo,Urban,Clear,2,85.23,Mixed,0,Low
16,3,0,Ganaja,Urban,Clear,1,153.78,Mixed,1,High
9,0,0,Lokoja_Central_OldMarket,Urban,Rain,1,165.5,Commercial,1,High
10,0,0,Nataco,Residential,Clear,1,83.48,Mixed,1,Low
17,6,1,Kabba_Junction,Urban,Clear,2,176.7,Mixed,1,High
15,3,0,Kabba_Junction,Urban,Clear,1,92.49,Commercial,0,Low
6,5,1,Kabba_Junction,Urban,Clear,1,141.4,Commercial,1,Medium
22,1,0,Ganaja,Highway,Clear,1,76.33,Private,0,Low
12,1,0,Felele,Residential,Clear,1,85.34,Private,1,Low
15,4,0,Ganaja,Urban,Clear,2,77.2,Private,0,Low
7,3,0,Kabba_Junction,Urban,Rain,2,188.84,Commercial,1,High
7,3,0,Kabba_Junction,Highway,Rain,2,179.21,Commercial,1,High
15,5,1,Lokoja_Central_OldMarket,Urban,Rain,2,133.94,Mixed,1,Medium
12,6,1,Phase_I,Urban,Rain,3,87.2,Mixed,0,Low
6,1,0,Lokoja_Central_OldMarket,Urban,Rain,1,165.24,Mixed,1,High
8,2,0,Lokoja_Central_OldMarket,Urban,Clear,2,182.68,Commercial,1,High
0,6,1,Phase_I,Residential,Rain,3,66.53,Commercial,1,Low
20,3,0,Zango,Residential,Rain,3,170.06,Mixed,1,High
21,2,0,Ganaja,Urban,Clear,2,73.57,Commercial,0,Low
18,6,1,Adankolo,Urban,Clear,3,159.24,Mixed,1,High
16,3,0,Ganaja,Highway,Clear,1,157.7,Mixed,1,High
9,6,1,Zango,Residential,Clear,3,53.65,Private,0,Low
17,0,0,Felele,Highway,Clear,3,160.75,Mixed,1,High
11,6,1,Felele,Highway,Clear,3,115.08,Mixed,1,Medium
9,6,1,Adankolo,Urban,Clear,1,101.66,Private,1,Low
19,5,1,Nataco,Urban,Rain,1,167.19,Private,0,High
20,6,1,Lokoja_Central_OldMarket,Urban,Clear,2,161.31,Mixed,1,High
15,2,0,Nataco,Urban,Clear,2,129.31,Mixed,1,Medium
16,2,0,Ganaja,Urban,Rain,3,194.25,Mixed,0,High
16,3,0,Adankolo,Urban,Clear,2,155.9,Commercial,0,High
7,3,0,Nataco,Urban,Clear,1,109.91,Mixed,0,Medium
1,4,0,Felele,Highway,Clear,2,54.7,Private,0,Low
13,2,0,Lokoja_Central_OldMarket,Residential,Clear,2,121.39,Mixed,1,Medium
18,3,0,Phase_I,Residential,Rain,3,156.79,Mixed,0,High
13,1,0,Felele,Residential,Clear,1,55.68,Mixed,0,Low
7,2,0,Zango,Urban,Clear,2,109.17,Private,0,Medium
20,5,1,Nataco,Urban,Clear,1,165.48,Mixed,1,High
15,0,0,Nataco,Urban,Rain,3,121.97,Private,0,Medium
8,4,0,Nataco,Residential,Rain,2,157.1,Commercial,1,High
7,3,0,Zango,Residential,Clear,1,83.12,Mixed,0,Low
6,6,1,Zango,Highway,Rain,1,105.91,Commercial,0,Medium
21,4,0,Kabba_Junction,Highway,Rain,1,93.66,Mixed,0,Low
2,1,0,Lokoja_Central_OldMarket,Urban,Clear,1,82.8,Mixed,1,Low
20,3,0,Lokoja_Central_OldMarket,Urban,Clear,2,195.27,Commercial,1,High
5,6,1,Kabba_Junction,Highway,Clear,2,87.38,Commercial,1,Low
8,0,0,Ganaja,Highway,Rain,2,175.18,Mixed,1,High
17,3,0,Nataco,Residential,Clear,1,152.33,Mixed,1,High
17,3,0,Nataco,Residential,Rain,2,186.01,Commercial,1,High
18,6,1,Ganaja,Urban,Clear,1,169.73,Mixed,1,High
4,4,0,Nataco,Urban,Rain,1,93.59,Mixed,0,Low
9,6,1,Zango,Urban,Rain,3,137.11,Mixed,0,Medium
16,2,0,Felele,Highway,Rain,1,171.86,Commercial,1,High
19,4,0,Kabba_Junction,Urban,Rain,2,219.42,Mixed,1,High
18,3,0,Ganaja,Highway,Clear,2,160.48,Mixed,1,High
17,2,0,Phase_I,Residential,Clear,1,161.0,Commercial,1,High
6,3,0,Nataco,Urban,Clear,2,138.2,Commercial,0,Medium
18,3,0,Kabba_Junction,Urban,Rain,1,205.29,Mixed,1,High
13,5,1,Nataco,Highway,Rain,2,112.31,Mixed,0,Medium
17,3,0,Ganaja,Urban,Clear,2,171.18,Mixed,1,High
20,5,1,Felele,Highway,Clear,2,116.51,Private,0,Medium
9,1,0,Lokoja_Central_OldMarket,Urban,Clear,1,153.14,Commercial,1,High
14,1,0,Felele,Highway,Clear,1,59.51,Private,0,Low
1,1,0,Phase_I,Residential,Clear,1,18.45,Private,0,Low
8,2,0,Ganaja,Highway,Clear,2,161.31,Mixed,1,High
18,4,0,Adankolo,Residential,Clear,2,144.63,Mixed,1,Medium
21,6,1,Phase_I,Highway,Clear,2,72.46,Mixed,1,Low
20,0,0,Ganaja,Residential,Clear,1,134.65,Mixed,0,Medium
7,2,0,Nataco,Urban,Rain,2,158.7,Commercial,1,High
18,3,0,Zango,Residential,Rain,2,139.87,Private,0,Medium
16,2,0,Felele,Urban,Clear,1,170.14,Commercial,1,High
14,1,0,Kabba_Junction,Urban,Clear,1,79.1,Mixed,0,Low
19,4,0,Lokoja_Central_OldMarket,Urban,Clear,1,179.57,Mixed,1,High
11,0,0,Adankolo,Highway,Rain,3,100.65,Private,0,Low
2,3,0,Adankolo,Residential,Rain,2,59.8,Private,0,Low
14,1,0,Felele,Highway,Clear,1,97.3,Private,1,Low
14,5,1,Phase_I,Urban,Clear,1,69.97,Private,0,Low
0,6,1,Adankolo,Urban,Clear,2,73.92,Commercial,1,Low
11,5,1,Kabba_Junction,Highway,Clear,1,122.67,Commercial,1,Medium
21,4,0,Adankolo,Urban,Clear,2,89.0,Mixed,1,Low
21,0,0,Nataco,Urban,Clear,1,100.8,Private,1,Low
16,5,1,Zango,Residential,Clear,3,91.46,Private,0,Low
17,6,1,Kabba_Junction,Urban,Clear,2,176.94,Private,1,High
13,1,0,Phase_I,Residential,Clear,2,44.93,Private,0,Low
17,6,1,Kabba_Junction,Urban,Rain,3,218.75,Mixed,1,High
5,4,0,Kabba_Junction,Urban,Rain,3,135.61,Commercial,1,Medium
19,2,0,Adankolo,Residential,Clear,2,142.19,Mixed,1,Medium
17,0,0,Nataco,Urban,Clear,2,180.35,Mixed,1,High
16,5,1,Phase_I,Residential,Clear,1,81.26,Private,0,Low
17,5,1,Nataco,Highway,Clear,2,150.31,Mixed,1,High
13,1,0,Adankolo,Residential,Rain,1,91.09,Mixed,1,Low
16,4,0,Adankolo,Residential,Rain,2,164.5,Commercial,0,High
18,3,0,Phase_I,Urban,Clear,2,142.11,Mixed,0,Medium
8,3,0,Lokoja_Central_OldMarket,Urban,Clear,2,168.39,Commercial,1,High
6,2,0,Ganaja,Urban,Rain,1,156.35,Mixed,1,High
16,0,0,Zango,Highway,Rain,1,159.91,Mixed,1,High
4,0,0,Nataco,Urban,Rain,1,79.33,Commercial,0,Low
14,3,0,Adankolo,Residential,Clear,2,59.08,Mixed,0,Low
16,3,0,Kabba_Junction,Urban,Rain,2,205.91,Commercial,0,High
16,6,1,Adankolo,Urban,Clear,3,116.89,Private,0,Medium
15,6,1,Lokoja_Central_OldMarket,Urban,Rain,1,132.79,Mixed,1,Medium
18,1,0,Phase_I,Residential,Clear,1,123.68,Private,1,Medium
16,3,0,Phase_I,Urban,Rain,2,155.27,Private,0,High
7,1,0,Kabba_Junction,Highway,Clear,1,127.87,Mixed,0,Medium
22,1,0,Lokoja_Central_OldMarket,Urban,Clear,1,84.36,Mixed,1,Low
6,1,0,Kabba_Junction,Urban,Clear,3,179.56,Mixed,1,High
9,2,0,Nataco,Urban,Clear,3,160.06,Mixed,1,High
17,1,0,Adankolo,Residential,Clear,2,148.27,Mixed,0,High
14,6,1,Zango,Residential,Clear,1,28.85,Private,0,Low
0,3,0,Zango,Residential,Clear,3,46.5,Private,1,Low
9,2,0,Phase_I,Residential,Clear,1,88.94,Private,0,Low
15,2,0,Lokoja_Central_OldMarket,Urban,Rain,3,172.39,Commercial,1,High
14,6,1,Kabba_Junction,Urban,Rain,2,144.64,Mixed,1,Medium
13,4,0,Kabba_Junction,Highway,Clear,1,94.08,Mixed,0,Low
0,1,0,Nataco,Highway,Clear,2,93.74,Commercial,1,Low
1,6,1,Adankolo,Urban,Clear,2,43.93,Mixed,0,Low
12,6,1,Adankolo,Residential,Rain,2,72.66,Mixed,0,Low
21,2,0,Kabba_Junction,Highway,Clear,3,130.96,Commercial,1,Medium
22,0,0,Kabba_Junction,Highway,Clear,2,86.76,Commercial,1,Low
16,3,0,Lokoja_Central_OldMarket,Urban,Clear,1,195.66,Commercial,1,High
16,5,1,Lokoja_Central_OldMarket,Urban,Clear,2,190.11,Commercial,1,High
23,5,1,Felele,Highway,Clear,1,45.36,Private,0,Low
17,5,1,Lokoja_Central_OldMarket,Highway,Clear,2,143.2,Mixed,0,Medium
18,5,1,Kabba_Junction,Urban,Clear,1,173.88,Mixed,1,High
5,4,0,Adankolo,Residential,Rain,3,67.37,Mixed,0,Low
16,0,0,Ganaja,Highway,Clear,1,165.01,Commercial,1,High
6,1,0,Zango,Residential,Clear,1,61.74,Private,0,Low
5,3,0,Ganaja,Urban,Clear,2,83.0,Mixed,1,Low
3,1,0,Lokoja_Central_OldMarket,Urban,Clear,1,99.92,Mixed,1,Low
19,3,0,Lokoja_Central_OldMarket,Urban,Clear,1,181.07,Mixed,1,High
12,6,1,Nataco,Urban,Clear,1,91.43,Mixed,1,Low
6,0,0,Ganaja,Urban,Clear,2,134.63,Private,1,Medium
8,3,0,Ganaja,Highway,Clear,1,125.17,Mixed,1,Medium
17,2,0,Kabba_Junction,Highway,Clear,1,171.23,Commercial,1,High
11,0,0,Ganaja,Highway,Rain,3,114.53,Mixed,1,Medium
17,1,0,Adankolo,Urban,Rain,3,194.63,Private,0,High
16,2,0,Felele,Highway,Rain,2,193.75,Mixed,1,High
8,4,0,Kabba_Junction,Urban,Rain,1,178.16,Commercial,1,High
19,0,0,Nataco,Urban,Clear,1,156.11,Mixed,1,High
2,0,0,Kabba_Junction,Urban,Clear,2,92.7,Mixed,1,Low
8,1,0,Lokoja_Central_OldMarket,Urban,Clear,1,149.07,Private,1,High
21,2,0,Nataco,Urban,Clear,2,108.52,Mixed,1,Medium
16,3,0,Phase_I,Urban,Rain,1,143.95,Mixed,0,Medium
22,1,0,Zango,Residential,Clear,1,23.13,Private,0,Low
8,5,1,Adankolo,Residential,Rain,2,78.22,Private,0,Low
3,4,0,Nataco,Highway,Clear,1,74.57,Private,1,Low
18,4,0,Felele,Highway,Clear,3,179.76,Commercial,1,High
8,1,0,Nataco,Urban,Clear,1,145.69,Mixed,1,Medium
19,2,0,Ganaja,Urban,Clear,2,159.08,Mixed,1,High
13,3,0,Nataco,Urban,Clear,1,117.87,Mixed,1,Medium
9,0,0,Nataco,Urban,Clear,2,147.87,Private,1,High
4,0,0,Ganaja,Urban,Rain,2,96.08,Private,1,Low
7,4,0,Zango,Residential,Rain,2,105.29,Private,0,Medium
12,3,0,Phase_I,Residential,Rain,3,74.08,Mixed,0,Low
8,5,1,Adankolo,Urban,Rain,2,138.14,Commercial,0,Medium
7,6,1,Zango,Residential,Clear,1,42.05,Private,0,Low
20,2,0,Zango,Urban,Clear,1,110.21,Private,0,Medium
18,4,0,Kabba_Junction,Urban,Clear,3,195.12,Commercial,1,High
23,4,0,Felele,Highway,Rain,1,54.01,Private,0,Low
6,4,0,Zango,Residential,Clear,1,104.68,Commercial,1,Medium
19,4,0,Ganaja,Urban,Clear,1,142.05,Mixed,0,Medium
3,4,0,Lokoja_Central_OldMarket,Urban,Rain,1,102.95,Private,1,Low
18,3,0,Zango,Residential,Clear,2,104.24,Mixed,0,Medium
21,4,0,Kabba_Junction,Urban,Rain,1,131.04,Mixed,1,Medium
16,1,0,Ganaja,Residential,Clear,2,135.37,Private,1,Medium
13,5,1,Phase_I,Residential,Rain,2,71.05,Private,0,Low
16,3,0,Nataco,Residential,Clear,3,166.24,Mixed,1,High
9,5,1,Ganaja,Highway,Rain,3,158.17,Mixed,0,High
18,0,0,Zango,Urban,Clear,1,128.8,Mixed,0,Medium
13,0,0,Felele,Highway,Clear,1,117.28,Commercial,1,Medium
1,2,0,Lokoja_Central_OldMarket,Highway,Clear,1,84.25,Mixed,1,Low
21,1,0,Ganaja,Urban,Clear,1,76.88,Mixed,0,Low
6,5,1,Nataco,Urban,Clear,1,127.52,Private,1,Medium
17,1,0,Nataco,Urban,Clear,2,187.46,Commercial,1,High
6,5,1,Kabba_Junction,Urban,Rain,3,178.3,Mixed,1,High
12,0,0,Nataco,Urban,Rain,2,152.15,Commercial,1,High
7,1,0,Lokoja_Central_OldMarket,Urban,Clear,2,178.73,Commercial,1,High
13,1,0,Kabba_Junction,Urban,Clear,1,117.18,Mixed,1,Medium
13,0,0,Felele,Urban,Rain,1,85.02,Private,1,Low
18,6,1,Zango,Residential,Clear,3,105.08,Mixed,0,Medium
17,5,1,Zango,Residential,Rain,2,145.22,Mixed,1,Medium
0,4,0,Nataco,Urban,Clear,1,90.93,Commercial,1,Low
1,6,1,Phase_I,Residential,Clear,1,8.0,Private,0,Low
7,1,0,Felele,Urban,Clear,2,119.65,Private,0,Medium
6,2,0,Felele,Highway,Clear,1,132.2,Commercial,0,Medium
10,1,0,Kabba_Junction,Urban,Rain,3,120.73,Private,0,Medium
20,4,0,Kabba_Junction,Urban,Clear,1,149.51,Mixed,0,High
8,0,0,Kabba_Junction,Urban,Clear,1,156.08,Commercial,1,High
13,1,0,Adankolo,Urban,Clear,1,96.02,Mixed,1,Low
18,0,0,Zango,Residential,Clear,2,118.3,Commercial,0,Medium
13,1,0,Adankolo,Residential,Rain,2,102.48,Mixed,1,Low
18,2,0,Nataco,Urban,Clear,1,169.92,Mixed,1,High
18,1,0,Lokoja_Central_OldMarket,Urban,Rain,1,225.0,Mixed,1,High
11,3,0,Kabba_Junction,Highway,Rain,1,93.76,Mixed,0,Low
7,6,1,Nataco,Urban,Clear,1,119.47,Private,1,Medium
17,3,0,Adankolo,Urban,Clear,2,130.41,Mixed,0,Medium
17,5,1,Lokoja_Central_OldMarket,Urban,Clear,2,169.06,Private,1,High
6,0,0,Felele,Residential,Rain,2,134.19,Mixed,1,Medium
12,6,1,Nataco,Urban,Rain,2,137.33,Commercial,1,Medium
20,0,0,Felele,Highway,Rain,3,165.42,Mixed,1,High
9,1,0,Adankolo,Urban,Clear,2,118.38,Mixed,0,Medium
11,5,1,Lokoja_Central_OldMarket,Urban,Clear,1,102.22,Mixed,1,Low
7,5,1,Kabba_Junction,Highway,Clear,2,109.42,Mixed,0,Medium
7,2,0,Lokoja_Central_OldMarket,Urban,Clear,1,141.52,Mixed,1,Medium
18,0,0,Lokoja_Central_OldMarket,Urban,Rain,1,223.9,Mixed,1,High
23,6,1,Kabba_Junction,Urban,Clear,2,97.59,Commercial,1,Low
10,2,0,Adankolo,Residential,Clear,1,59.89,Private,1,Low
13,5,1,Nataco,Highway,Clear,2,104.82,Private,1,Medium
21,6,1,Adankolo,Urban,Clear,1,58.57,Private,0,Low
22,6,1,Kabba_Junction,Urban,Rain,3,111.71,Private,0,Medium
14,5,1,Felele,Urban,Rain,3,130.8,Commercial,0,Medium
9,1,0,Adankolo,Residential,Clear,1,73.32,Private,0,Low
14,0,0,Kabba_Junction,Urban,Clear,1,118.47,Commercial,0,Medium
8,1,0,Lokoja_Central_OldMarket,Highway,Rain,1,185.31,Commercial,1,High
10,3,0,Adankolo,Urban,Rain,2,82.08,Mixed,0,Low
5,5,1,Nataco,Urban,Clear,1,60.71,Commercial,0,Low
20,5,1,Adankolo,Urban,Rain,3,153.04,Private,0,High
5,5,1,Ganaja,Urban,Clear,1,67.7,Private,1,Low
12,5,1,Lokoja_Central_OldMarket,Urban,Rain,1,128.71,Mixed,1,Medium
15,4,0,Ganaja,Urban,Clear,2,81.69,Mixed,0,Low
9,1,0,Ganaja,Highway,Clear,2,144.26,Commercial,1,Medium
10,5,1,Lokoja_Central_OldMarket,Residential,Rain,1,92.72,Commercial,1,Low
11,6,1,Nataco,Highway,Rain,3,127.96,Mixed,1,Medium
14,3,0,Kabba_Junction,Highway,Clear,1,101.53,Private,1,Low
12,3,0,Zango,Residential,Clear,2,72.33,Commercial,0,Low
12,1,0,Kabba_Junction,Highway,Rain,1,141.61,Private,1,Medium
16,3,0,Felele,Urban,Rain,3,201.13,Mixed,1,High
17,6,1,Lokoja_Central_OldMarket,Residential,Rain,1,156.7,Mixed,1,High
7,0,0,Lokoja_Central_OldMarket,Urban,Clear,2,163.15,Mixed,1,High
12,2,0,Felele,Residential,Clear,2,88.78,Private,1,Low
17,6,1,Nataco,Highway,Clear,1,156.6,Mixed,1,High
17,4,0,Kabba_Junction,Urban,Clear,1,170.24,Private,1,High
16,3,0,Ganaja,Highway,Clear,1,169.22,Mixed,1,High
7,6,1,Felele,Highway,Clear,1,76.83,Private,0,Low
19,4,0,Adankolo,Residential,Rain,3,157.14,Mixed,0,High
15,6,1,Kabba_Junction,Urban,Clear,1,113.51,Commercial,1,Medium
18,0,0,Zango,Residential,Clear,3,142.03,Commercial,0,Medium
21,4,0,Phase_I,Residential,Clear,1,34.0,Private,0,Low
20,2,0,Felele,Highway,Clear,1,133.77,Private,0,Medium
8,1,0,Felele,Urban,Clear,1,151.54,Mixed,1,High
8,3,0,Felele,Urban,Clear,3,145.99,Commercial,0,Medium
16,2,0,Zango,Residential,Clear,2,116.02,Mixed,0,Medium
16,3,0,Phase_I,Residential,Rain,2,117.86,Private,0,Medium
12,2,0,Felele,Highway,Rain,2,122.17,Mixed,1,Medium
11,1,0,Nataco,Urban,Rain,1,102.37,Private,1,Low
17,6,1,Kabba_Junction,Urban,Clear,2,173.76,Mixed,1,High
7,6,1,Adankolo,Residential,Rain,2,113.38,Commercial,0,Medium
7,1,0,Lokoja_Central_OldMarket,Urban,Clear,1,155.68,Mixed,1,High
18,5,1,Felele,Highway,Rain,2,142.64,Mixed,0,Medium
20,6,1,Kabba_Junction,Urban,Rain,2,197.93,Mixed,1,High
4,1,0,Zango,Urban,Clear,1,60.12,Mixed,0,Low
13,4,0,Zango,Urban,Clear,2,52.74,Private,0,Low
6,0,0,Felele,Residential,Clear,2,92.56,Private,0,Low
21,6,1,Zango,Residential,Clear,1,48.56,Private,1,Low
21,6,1,Ganaja,Urban,Clear,3,74.8,Mixed,0,Low
11,0,0,Nataco,Urban,Rain,1,98.33,Private,0,Low
9,0,0,Adankolo,Highway,Rain,2,161.33,Mixed,1,High
16,3,0,Lokoja_Central_OldMarket,Urban,Clear,1,179.34,Mixed,1,High
18,3,0,Nataco,Urban,Clear,1,180.82,Mixed,1,High
7,5,1,Kabba_Junction,Urban,Rain,3,187.71,Mixed,1,High
23,5,1,Phase_I,Urban,Clear,2,35.96,Private,0,Low
2,3,0,Nataco,Urban,Rain,3,128.84,Mixed,1,Medium
6,3,0,Ganaja,Highway,Rain,3,174.21,Private,1,High
12,0,0,Zango,Residential,Clear,2,50.55,Mixed,0,Low
2,6,1,Nataco,Residential,Clear,1,55.49,Commercial,1,Low
7,4,0,Kabba_Junction,Urban,Clear,2,151.85,Mixed,1,High
13,3,0,Felele,Highway,Clear,3,96.67,Private,1,Low
8,1,0,Nataco,Urban,Clear,1,139.69,Mixed,1,Medium
20,3,0,Nataco,Urban,Clear,1,160.37,Commercial,1,High
9,2,0,Nataco,Residential,Rain,2,157.15,Commercial,1,High
17,2,0,Kabba_Junction,Urban,Clear,3,179.7,Private,1,High
5,0,0,Felele,Highway,Rain,2,103.12,Mixed,1,Low
16,1,0,Felele,Urban,Clear,2,154.18,Mixed,0,High
20,5,1,Adankolo,Urban,Rain,3,190.66,Mixed,1,High
14,6,1,Kabba_Junction,Urban,Clear,1,123.34,Mixed,1,Medium
20,2,0,Phase_I,Residential,Clear,1,83.01,Private,0,Low
21,4,0,Adankolo,Urban,Clear,3,112.63,Mixed,0,Medium
7,6,1,Nataco,Urban,Clear,2,119.49,Private,0,Medium
12,6,1,Nataco,Urban,Clear,2,133.79,Mixed,1,Medium
14,4,0,Felele,Highway,Clear,2,108.21,Mixed,1,Medium
7,0,0,Ganaja,Urban,Clear,1,128.16,Commercial,0,Medium
23,6,1,Kabba_Junction,Urban,Rain,1,104.79,Commercial,1,Medium
20,2,0,Adankolo,Urban,Clear,2,154.99,Private,1,High
22,1,0,Kabba_Junction,Urban,Rain,2,100.02,Commercial,0,Low
17,5,1,Kabba_Junction,Urban,Clear,1,179.82,Commercial,1,High
19,3,0,Lokoja_Central_OldMarket,Urban,Rain,2,225.0,Commercial,1,High
7,6,1,Kabba_Junction,Urban,Clear,1,144.16,Private,1,Medium
17,1,0,Lokoja_Central_OldMarket,Urban,Rain,1,196.43,Mixed,1,High
18,6,1,Lokoja_Central_OldMarket,Urban,Clear,2,184.64,Mixed,1,High
18,2,0,Lokoja_Central_OldMarket,Urban,Rain,1,188.98,Mixed,0,High
10,5,1,Lokoja_Central_OldMarket,Urban,Rain,1,133.46,Commercial,1,Medium
9,4,0,Lokoja_Central_OldMarket,Urban,Clear,2,174.89,Mixed,1,High
7,1,0,Lokoja_Central_OldMarket,Urban,Clear,2,148.22,Mixed,1,High
19,0,0,Ganaja,Residential,Clear,1,137.07,Mixed,0,Medium
10,2,0,Zango,Residential,Clear,2,28.39,Private,0,Low
7,5,1,Felele,Highway,Clear,1,90.61,Mixed,0,Low
11,2,0,Adankolo,Residential,Rain,1,84.96,Mixed,1,Low
18,6,1,Zango,Residential,Rain,2,131.55,Mixed,0,Medium
6,6,1,Nataco,Urban,Clear,2,131.44,Mixed,1,Medium
17,1,0,Nataco,Urban,Clear,1,191.8,Commercial,1,High
5,5,1,Nataco,Urban,Clear,1,117.34,Commercial,1,Medium
0,4,0,Ganaja,Urban,Clear,2,69.55,Mixed,0,Low
18,1,0,Kabba_Junction,Urban,Rain,1,182.86,Private,0,High
22,5,1,Lokoja_Central_OldMarket,Urban,Clear,1,98.78,Commercial,1,Low
16,3,0,Phase_I,Residential,Clear,1,89.2,Mixed,0,Low
7,1,0,Ganaja,Urban,Clear,2,126.67,Commercial,0,Medium
13,5,1,Felele,Urban,Clear,2,81.6,Mixed,0,Low
19,5,1,Zango,Residential,Clear,1,78.97,Private,0,Low
8,1,0,Kabba_Junction,Urban,Rain,2,145.23,Mixed,0,Medium
22,4,0,Phase_I,Residential,Clear,2,35.06,Private,0,Low
7,6,1,Nataco,Urban,Clear,2,138.4,Mixed,1,Medium
7,0,0,Lokoja_Central_OldMarket,Urban,Clear,2,176.04,Commercial,1,High
1,2,0,Lokoja_Central_OldMarket,Urban,Clear,1,83.8,Mixed,0,Low
23,6,1,Kabba_Junction,Urban,Rain,3,122.51,Mixed,1,Medium
6,3,0,Phase_I,Residential,Clear,2,61.05,Private,0,Low
1,1,0,Lokoja_Central_OldMarket,Urban,Clear,3,124.76,Commercial,1,Medium
19,5,1,Lokoja_Central_OldMarket,Urban,Rain,2,201.21,Private,1,High
6,2,0,Nataco,Highway,Rain,2,132.72,Mixed,0,Medium
16,0,0,Zango,Residential,Clear,2,115.02,Private,1,Medium
19,0,0,Ganaja,Highway,Clear,2,183.78,Mixed,1,High
11,0,0,Kabba_Junction,Highway,Clear,2,109.94,Mixed,1,Medium
6,4,0,Ganaja,Urban,Clear,2,140.77,Mixed,1,Medium
13,4,0,Phase_I,Residential,Clear,1,54.21,Private,0,Low
16,5,1,Lokoja_Central_OldMarket,Urban,Clear,1,166.86,Commercial,1,High
11,4,0,Nataco,Urban,Clear,1,92.25,Mixed,1,Low
13,0,0,Kabba_Junction,Urban,Clear,1,96.09,Private,1,Low
3,2,0,Zango,Residential,Clear,1,19.98,Private,0,Low
17,2,0,Ganaja,Residential,Rain,2,179.88,Private,1,High
8,1,0,Phase_I,Residential,Clear,1,84.78,Private,0,Low
9,5,1,Nataco,Urban,Clear,1,119.08,Mixed,0,Medium
20,3,0,Nataco,Highway,Clear,1,158.89,Mixed,1,High
17,2,0,Phase_I,Residential,Rain,1,121.79,Private,0,Medium
16,1,0,Kabba_Junction,Highway,Rain,2,188.81,Private,1,High
20,0,0,Adankolo,Residential,Rain,3,150.38,Mixed,0,High
16,5,1,Zango,Urban,Clear,2,125.65,Mixed,0,Medium
11,1,0,Zango,Residential,Clear,3,66.99,Mixed,0,Low
14,6,1,Lokoja_Central_OldMarket,Urban,Clear,2,90.06,Private,1,Low
10,1,0,Nataco,Urban,Clear,1,123.53,Commercial,1,Medium
17,5,1,Nataco,Urban,Rain,3,203.93,Commercial,0,High
16,3,0,Lokoja_Central_OldMarket,Urban,Clear,1,192.35,Commercial,1,High
19,5,1,Kabba_Junction,Urban,Clear,1,164.19,Mixed,1,High
22,3,0,Nataco,Highway,Clear,1,88.93,Commercial,1,Low
8,2,0,Kabba_Junction,Urban,Rain,3,171.06,Mixed,0,High
1,6,1,Nataco,Highway,Clear,3,77.68,Private,1,Low
23,1,0,Ganaja,Urban,Clear,3,85.7,Commercial,1,Low
12,5,1,Kabba_Junction,Highway,Clear,2,132.69,Commercial,1,Medium
14,5,1,Ganaja,Urban,Rain,2,97.8,Private,0,Low
0,6,1,Ganaja,Urban,Clear,1,39.2,Private,0,Low
18,1,0,Zango,Residential,Clear,1,126.29,Private,1,Medium
18,6,1,Adankolo,Residential,Rain,2,164.08,Private,1,High
16,0,0,Lokoja_Central_OldMarket,Highway,Clear,1,187.21,Mixed,1,High
20,1,0,Nataco,Urban,Rain,1,193.57,Mixed,1,High
11,2,0,Felele,Highway,Rain,2,117.9,Mixed,1,Medium
10,2,0,Ganaja,Highway,Rain,3,132.25,Commercial,1,Medium
1,0,0,Ganaja,Highway,Rain,2,113.61,Mixed,1,Medium
6,2,0,Ganaja,Residential,Clear,2,132.29,Mixed,1,Medium
14,4,0,Zango,Residential,Rain,2,110.46,Mixed,1,Medium
16,1,0,Adankolo,Residential,Clear,2,138.16,Commercial,0,Medium
19,4,0,Lokoja_Central_OldMarket,Urban,Rain,2,225.0,Mixed,1,High
8,3,0,Kabba_Junction,Highway,Clear,1,118.68,Commercial,0,Medium
7,2,0,Nataco,Urban,Clear,1,144.48,Mixed,1,Medium
17,5,1,Kabba_Junction,Urban,Clear,1,154.21,Commercial,0,High
16,4,0,Kabba_Junction,Urban,Rain,2,187.28,Commercial,0,High
13,6,1,Kabba_Junction,Urban,Rain,2,131.57,Commercial,1,Medium
7,2,0,Ganaja,Urban,Rain,3,170.11,Mixed,1,High
22,0,0,Phase_I,Residential,Clear,1,26.2,Mixed,0,Low
19,5,1,Kabba_Junction,Urban,Rain,2,196.81,Mixed,1,High
14,5,1,Zango,Urban,Clear,1,94.06,Commercial,0,Low
0,0,0,Zango,Residential,Clear,2,28.67,Private,0,Low
15,0,0,Zango,Residential,Clear,3,52.84,Mixed,0,Low
4,2,0,Felele,Highway,Rain,3,84.73,Mixed,0,Low
16,6,1,Zango,Residential,Clear,2,107.87,Private,1,Medium
17,2,0,Kabba_Junction,Urban,Clear,1,157.99,Mixed,1,High
17,5,1,Phase_I,Residential,Clear,2,91.06,Mixed,0,Low
13,3,0,Kabba_Junction,Urban,Clear,2,129.54,Mixed,1,Medium
13,1,0,Phase_I,Urban,Clear,1,64.8,Mixed,0,Low
16,1,0,Adankolo,Urban,Clear,2,157.8,Mixed,1,High
20,5,1,Lokoja_Central_OldMarket,Urban,Clear,2,173.69,Mixed,1,High
11,0,0,Zango,Urban,Clear,1,79.16,Private,1,Low
6,5,1,Nataco,Residential,Clear,1,110.48,Mixed,1,Medium
16,4,0,Nataco,Urban,Clear,1,161.29,Commercial,0,High
3,0,0,Kabba_Junction,Highway,Clear,1,95.66,Commercial,1,Low
19,5,1,Kabba_Junction,Urban,Clear,2,183.57,Commercial,1,High
14,5,1,Felele,Highway,Clear,2,63.79,Private,0,Low
7,2,0,Phase_I,Urban,Clear,1,102.67,Mixed,0,Low
17,6,1,Lokoja_Central_OldMarket,Urban,Rain,2,208.79,Mixed,1,High
0,5,1,Zango,Residential,Clear,1,13.78,Private,1,Low
13,5,1,Nataco,Urban,Clear,2,137.6,Commercial,1,Medium
9,2,0,Phase_I,Residential,Clear,1,67.98,Private,0,Low
1,3,0,Phase_I,Residential,Clear,2,18.9,Mixed,0,Low
22,2,0,Kabba_Junction,Urban,Clear,1,75.67,Private,1,Low
20,4,0,Kabba_Junction,Highway,Clear,3,176.47,Mixed,1,High
9,1,0,Lokoja_Central_OldMarket,Urban,Clear,1,171.51,Mixed,1,High
9,0,0,Ganaja,Highway,Rain,2,162.65,Commercial,1,High
9,2,0,Lokoja_Central_OldMarket,Urban,Rain,1,181.85,Mixed,1,High
19,0,0,Kabba_Junction,Urban,Clear,2,164.28,Mixed,0,High
7,0,0,Adankolo,Urban,Rain,2,154.56,Private,1,High
17,3,0,Nataco,Residential,Clear,1,147.06,Mixed,1,High
15,5,1,Phase_I,Residential,Clear,1,37.53,Mixed,0,Low
9,5,1,Nataco,Urban,Clear,2,121.7,Private,0,Medium
17,4,0,Zango,Residential,Clear,1,108.97,Private,0,Medium
22,3,0,Lokoja_Central_OldMarket,Urban,Clear,1,90.1,Private,1,Low
16,4,0,Phase_I,Urban,Clear,1,116.94,Private,0,Medium
19,0,0,Lokoja_Central_OldMarket,Urban,Clear,1,175.56,Commercial,1,High
14,2,0,Phase_I,Urban,Clear,2,59.86,Private,0,Low
22,1,0,Kabba_Junction,Urban,Clear,3,100.75,Private,1,Low
0,3,0,Felele,Urban,Rain,2,104.69,Mixed,1,Medium
14,3,0,Lokoja_Central_OldMarket,Urban,Rain,2,132.29,Mixed,0,Medium
19,5,1,Nataco,Urban,Clear,1,162.76,Mixed,1,High
14,5,1,Ganaja,Highway,Rain,1,83.95,Mixed,0,Low
12,5,1,Adankolo,Urban,Clear,1,75.38,Private,1,Low
1,5,1,Phase_I,Residential,Rain,1,33.02,Mixed,0,Low
9,1,0,Nataco,Highway,Clear,1,158.81,Commercial,1,High
11,5,1,Ganaja,Highway,Rain,2,108.33,Private,1,Medium
4,6,1,Felele,Highway,Clear,3,63.84,Commercial,0,Low
6,2,0,Ganaja,Highway,Clear,1,106.55,Commercial,0,Medium
18,1,0,Lokoja_Central_OldMarket,Urban,Rain,3,219.24,Private,1,High
20,1,0,Adankolo,Urban,Clear,1,117.06,Private,0,Medium
1,5,1,Lokoja_Central_OldMarket,Urban,Rain,1,94.52,Commercial,1,Low
16,1,0,Kabba_Junction,Urban,Rain,1,225.0,Commercial,1,High
19,0,0,Ganaja,Highway,Rain,3,184.99,Private,1,High
4,1,0,Felele,Residential,Clear,1,54.53,Private,1,Low
19,4,0,Nataco,Urban,Clear,1,174.41,Commercial,1,High
4,6,1,Ganaja,Urban,Clear,1,79.56,Commercial,1,Low
19,2,0,Zango,Highway,Rain,3,160.44,Private,1,High
21,4,0,Kabba_Junction,Urban,Clear,3,107.51,Commercial,0,Medium
23,5,1,Lokoja_Central_OldMarket,Urban,Rain,1,105.82,Mixed,1,Medium
17,0,0,Kabba_Junction,Urban,Clear,2,133.53,Private,0,Medium
1,0,0,Zango,Residential,Clear,3,51.64,Private,1,Low
1,4,0,Kabba_Junction,Urban,Rain,1,113.75,Mixed,1,Medium
1,6,1,Adankolo,Urban,Rain,3,67.44,Private,0,Low
13,3,0,Ganaja,Urban,Rain,2,120.42,Mixed,1,Medium
20,1,0,Kabba_Junction,Urban,Rain,2,200.64,Mixed,1,High
18,6,1,Lokoja_Central_OldMarket,Urban,Clear,2,179.91,Mixed,1,High
20,2,0,Lokoja_Central_OldMarket,Urban,Clear,3,206.07,Commercial,1,High
19,6,1,Kabba_Junction,Urban,Clear,2,178.28,Private,1,High
15,2,0,Kabba_Junction,Urban,Clear,3,135.17,Mixed,1,Medium
20,6,1,Zango,Urban,Clear,2,108.33,Private,0,Medium
7,1,0,Felele,Highway,Clear,1,134.36,Commercial,1,Medium
19,0,0,Lokoja_Central_OldMarket,Urban,Clear,1,189.21,Mixed,1,High
8,3,0,Kabba_Junction,Urban,Clear,1,165.84,Mixed,1,High
20,6,1,Phase_I,Residential,Clear,2,84.12,Private,0,Low
13,3,0,Adankolo,Residential,Clear,3,77.13,Private,0,Low
23,4,0,Nataco,Urban,Clear,1,90.78,Commercial,1,Low
18,1,0,Lokoja_Central_OldMarket,Urban,Clear,1,161.69,Commercial,0,High
12,4,0,Kabba_Junction,Urban,Rain,2,144.71,Mixed,1,Medium
17,6,1,Kabba_Junction,Urban,Clear,3,164.82,Mixed,1,High
8,0,0,Ganaja,Urban,Rain,2,160.27,Private,1,High
18,2,0,Phase_I,Urban,Clear,1,124.0,Private,0,Medium
17,6,1,Nataco,Urban,Rain,3,213.75,Commercial,1,High
0,6,1,Phase_I,Residential,Clear,1,8.0,Private,0,Low
8,2,0,Ganaja,Highway,Clear,1,129.93,Private,1,Medium
1,4,0,Adankolo,Urban,Clear,3,66.95,Mixed,0,Low
2,1,0,Phase_I,Urban,Clear,2,40.11,Private,0,Low
14,4,0,Adankolo,Residential,Clear,1,62.09,Mixed,0,Low
22,1,0,Ganaja,Residential,Clear,1,34.29,Commercial,0,Low
20,6,1,Lokoja_Central_OldMarket,Urban,Clear,2,172.1,Mixed,1,High
8,6,1,Zango,Urban,Clear,1,102.85,Commercial,0,Low
22,3,0,Nataco,Urban,Clear,2,72.61,Commercial,0,Low
16,6,1,Zango,Residential,Clear,2,92.12,Mixed,0,Low
16,6,1,Kabba_Junction,Urban,Rain,2,200.89,Mixed,1,High
20,0,0,Lokoja_Central_OldMarket,Urban,Clear,1,163.82,Commercial,1,High
20,6,1,Nataco,Urban,Rain,3,177.12,Private,1,High
15,5,1,Kabba_Junction,Urban,Clear,1,128.64,Commercial,1,Medium
18,0,0,Adankolo,Urban,Clear,2,164.36,Mixed,1,High
6,1,0,Adankolo,Highway,Clear,1,104.49,Private,0,Medium
16,5,1,Felele,Highway,Clear,3,175.55,Commercial,1,High
10,4,0,Ganaja,Highway,Clear,1,84.56,Commercial,0,Low
18,1,0,Lokoja_Central_OldMarket,Highway,Clear,1,190.0,Commercial,1,High
11,1,0,Lokoja_Central_OldMarket,Urban,Clear,3,127.33,Mixed,1,Medium
23,6,1,Lokoja_Central_OldMarket,Urban,Clear,1,92.26,Mixed,1,Low
2,4,0,Ganaja,Urban,Clear,1,79.2,Commercial,0,Low
21,3,0,Adankolo,Urban,Clear,2,95.78,Private,1,Low
13,2,0,Lokoja_Central_OldMarket,Urban,Rain,2,142.47,Mixed,1,Medium
8,0,0,Kabba_Junction,Urban,Clear,2,158.79,Mixed,1,High
21,3,0,Lokoja_Central_OldMarket,Urban,Clear,2,115.04,Mixed,1,Medium
16,5,1,Felele,Urban,Clear,1,123.26,Commercial,0,Medium
7,3,0,Kabba_Junction,Urban,Rain,3,160.04,Private,0,High
4,4,0,Felele,Highway,Clear,2,59.84,Mixed,0,Low
15,1,0,Phase_I,Residential,Clear,2,60.76,Private,0,Low
16,4,0,Ganaja,Urban,Rain,1,162.61,Mixed,0,High
6,3,0,Zango,Residential,Clear,3,116.46,Commercial,0,Medium
19,6,1,Ganaja,Urban,Clear,3,171.69,Mixed,1,High
18,2,0,Felele,Highway,Clear,1,144.71,Private,1,Medium
14,1,0,Nataco,Highway,Clear,1,112.62,Mixed,1,Medium
21,4,0,Felele,Urban,Clear,1,94.81,Commercial,0,Low
18,2,0,Phase_I,Residential,Clear,1,103.77,Private,0,Medium
15,6,1,Adankolo,Urban,Clear,2,103.26,Mixed,1,Medium
8,0,0,Lokoja_Central_OldMarket,Urban,Clear,1,152.44,Private,1,High
8,6,1,Felele,Urban,Clear,1,100.71,Private,0,Low
19,2,0,Phase_I,Urban,Rain,1,126.43,Private,0,Medium
5,4,0,Adankolo,Urban,Clear,1,58.48,Private,1,Low
1,2,0,Nataco,Urban,Clear,1,79.68,Private,1,Low
9,2,0,Phase_I,Residential,Clear,1,112.55,Mixed,1,Medium
11,4,0,Adankolo,Urban,Rain,1,122.35,Commercial,1,Medium
7,5,1,Zango,Urban,Clear,1,96.18,Mixed,0,Low
7,4,0,Phase_I,Residential,Clear,1,60.73,Private,0,Low
19,0,0,Kabba_Junction,Urban,Clear,2,192.21,Mixed,1,High
19,4,0,Ganaja,Residential,Clear,2,151.0,Mixed,1,High
21,3,0,Felele,Highway,Rain,1,82.59,Private,1,Low
22,0,0,Phase_I,Residential,Clear,2,22.87,Private,0,Low
6,2,0,Adankolo,Residential,Rain,3,145.64,Mixed,1,Medium
9,5,1,Kabba_Junction,Urban,Clear,1,171.02,Commercial,1,High
18,6,1,Zango,Urban,Clear,1,97.52,Private,0,Low
14,0,0,Kabba_Junction,Urban,Clear,1,122.57,Commercial,1,Medium
11,4,0,Phase_I,Residential,Clear,3,62.08,Mixed,0,Low
13,5,1,Kabba_Junction,Urban,Clear,2,126.83,Mixed,1,Medium
18,2,0,Kabba_Junction,Urban,Clear,1,181.56,Mixed,1,High
16,6,1,Ganaja,Urban,Clear,1,126.18,Private,0,Medium
23,0,0,Zango,Residential,Clear,1,37.46,Mixed,0,Low
22,1,0,Ganaja,Urban,Clear,1,63.41,Private,1,Low
12,3,0,Nataco,Highway,Clear,1,105.59,Mixed,1,Medium
7,5,1,Phase_I,Residential,Clear,2,59.21,Private,0,Low
13,2,0,Kabba_Junction,Highway,Clear,1,94.85,Private,1,Low
16,1,0,Nataco,Urban,Clear,2,190.19,Commercial,1,High
5,2,0,Zango,Residential,Clear,2,31.29,Mixed,0,Low
12,5,1,Felele,Urban,Clear,2,93.22,Mixed,1,Low
13,1,0,Ganaja,Highway,Clear,1,76.37,Private,0,Low
20,1,0,Felele,Urban,Rain,1,163.98,Private,1,High
19,2,0,Zango,Urban,Rain,3,175.0,Private,1,High
18,4,0,Adankolo,Urban,Clear,2,152.76,Mixed,0,High
18,1,0,Adankolo,Urban,Clear,1,161.34,Mixed,1,High
7,5,1,Phase_I,Residential,Clear,1,58.08,Private,0,Low
21,0,0,Lokoja_Central_OldMarket,Urban,Clear,3,136.54,Commercial,1,Medium
18,6,1,Lokoja_Central_OldMarket,Urban,Rain,1,217.78,Mixed,1,High
18,5,1,Lokoja_Central_OldMarket,Urban,Clear,1,176.3,Commercial,1,High
8,1,0,Kabba_Junction,Urban,Clear,1,138.46,Private,1,Medium
18,4,0,Nataco,Urban,Rain,1,199.13,Private,1,High
8,5,1,Nataco,Urban,Clear,3,150.15,Commercial,1,High
9,4,0,Adankolo,Urban,Clear,2,141.01,Commercial,1,Medium
7,1,0,Nataco,Urban,Rain,2,165.09,Commercial,1,High
7,3,0,Nataco,Urban,Clear,1,140.83,Mixed,0,Medium
7,0,0,Nataco,Urban,Rain,2,175.86,Commercial,1,High
14,3,0,Kabba_Junction,Highway,Rain,1,111.3,Private,1,Medium
18,4,0,Nataco,Urban,Rain,3,214.1,Commercial,0,High
18,1,0,Felele,Highway,Rain,2,217.14,Mixed,1,High
12,3,0,Lokoja_Central_OldMarket,Urban,Clear,1,133.19,Commercial,1,Medium
8,5,1,Ganaja,Highway,Clear,2,139.95,Mixed,1,Medium
12,1,0,Phase_I,Residential,Rain,2,70.42,Private,0,Low
18,2,0,Adankolo,Residential,Clear,1,133.93,Mixed,1,Medium
18,4,0,Lokoja_Central_OldMarket,Urban,Clear,1,195.85,Mixed,1,High
12,0,0,Felele,Urban,Clear,1,105.13,Mixed,1,Medium
17,3,0,Lokoja_Central_OldMarket,Urban,Clear,3,209.1,Commercial,1,High
14,0,0,Nataco,Urban,Rain,3,166.65,Commercial,1,High
10,4,0,Ganaja,Highway,Clear,1,82.41,Mixed,0,Low
18,0,0,Felele,Highway,Clear,1,167.36,Commercial,1,High
15,2,0,Lokoja_Central_OldMarket,Urban,Rain,2,165.12,Mixed,1,High
8,4,0,Adankolo,Residential,Clear,1,115.24,Commercial,1,Medium
14,2,0,Lokoja_Central_OldMarket,Urban,Clear,2,140.41,Mixed,1,Medium
9,3,0,Lokoja_Central_OldMarket,Urban,Clear,1,163.1,Commercial,1,High
18,1,0,Kabba_Junction,Urban,Clear,3,191.07,Mixed,1,High
16,6,1,Phase_I,Residential,Clear,1,82.68,Private,0,Low
2,4,0,Zango,Residential,Rain,1,31.95,Private,0,Low
1,5,1,Kabba_Junction,Urban,Clear,1,67.04,Private,1,Low
7,2,0,Zango,Residential,Clear,1,66.08,Private,0,Low
21,2,0,Adankolo,Residential,Clear,3,66.06,Mixed,0,Low
17,2,0,Lokoja_Central_OldMarket,Urban,Clear,1,190.37,Commercial,1,High
6,1,0,Lokoja_Central_OldMarket,Urban,Clear,2,147.94,Mixed,1,High
16,5,1,Ganaja,Highway,Clear,1,157.4,Commercial,1,High
19,3,0,Kabba_Junction,Urban,Clear,2,186.11,Commercial,1,High
22,5,1,Ganaja,Residential,Clear,1,23.06,Mixed,0,Low
13,1,0,Felele,Urban,Rain,1,112.59,Mixed,1,Medium
15,3,0,Zango,Residential,Rain,1,61.11,Private,0,Low
9,6,1,Lokoja_Central_OldMarket,Urban,Clear,2,163.47,Commercial,1,High
12,4,0,Kabba_Junction,Highway,Clear,2,122.64,Commercial,1,Medium
15,1,0,Phase_I,Residential,Clear,3,53.53,Private,0,Low
7,2,0,Lokoja_Central_OldMarket,Urban,Clear,1,153.34,Commercial,1,High
12,1,0,Felele,Highway,Rain,2,100.23,Mixed,0,Low
21,2,0,Felele,Urban,Rain,1,86.34,Private,0,Low
14,1,0,Phase_I,Urban,Clear,3,72.86,Private,0,Low
21,2,0,Lokoja_Central_OldMarket,Urban,Clear,2,116.37,Mixed,1,Medium
7,3,0,Ganaja,Urban,Rain,1,166.45,Commercial,1,High
22,0,0,Adankolo,Residential,Clear,1,37.92,Mixed,0,Low
20,4,0,Lokoja_Central_OldMarket,Urban,Clear,1,160.63,Commercial,1,High
18,2,0,Adankolo,Residential,Clear,3,140.96,Private,1,Medium
18,0,0,Lokoja_Central_OldMarket,Urban,Clear,1,182.57,Commercial,1,High
12,2,0,Lokoja_Central_OldMarket,Urban,Clear,2,118.58,Mixed,1,Medium
18,6,1,Kabba_Junction,Urban,Clear,2,179.87,Mixed,1,High
16,6,1,Lokoja_Central_OldMarket,Urban,Clear,2,168.75,Mixed,1,High
15,2,0,Ganaja,Urban,Clear,1,103.13,Mixed,0,Low
9,3,0,Kabba_Junction,Urban,Clear,1,134.56,Private,1,Medium
20,4,0,Nataco,Urban,Clear,2,183.53,Mixed,1,High
10,2,0,Nataco,Residential,Clear,1,61.71,Commercial,0,Low
3,1,0,Kabba_Junction,Urban,Rain,2,128.68,Mixed,1,Medium
13,5,1,Phase_I,Residential,Clear,1,30.12,Private,0,Low
12,0,0,Zango,Residential,Rain,3,100.42,Mixed,0,Low
19,3,0,Ganaja,Urban,Clear,2,152.45,Mixed,0,High
13,0,0,Zango,Highway,Rain,3,115.53,Mixed,0,Medium
6,2,0,Lokoja_Central_OldMarket,Urban,Clear,2,169.63,Commercial,1,High
16,1,0,Ganaja,Urban,Clear,2,167.84,Commercial,1,High
9,0,0,Ganaja,Highway,Rain,1,123.11,Mixed,0,Medium
0,6,1,Nataco,Urban,Clear,1,76.09,Commercial,1,Low
17,2,0,Phase_I,Highway,Clear,1,151.7,Commercial,0,High
14,2,0,Phase_I,Residential,Rain,3,76.73,Private,0,Low
19,2,0,Felele,Highway,Rain,1,157.03,Mixed,0,High
6,2,0,Zango,Urban,Clear,1,100.57,Private,0,Low
7,1,0,Felele,Urban,Clear,2,115.4,Private,0,Medium
21,3,0,Zango,Residential,Rain,3,76.6,Commercial,0,Low
9,4,0,Nataco,Urban,Rain,1,170.02,Private,1,High
0,5,1,Kabba_Junction,Urban,Clear,1,83.46,Mixed,1,Low
12,4,0,Ganaja,Urban,Rain,2,130.04,Mixed,1,Medium
18,3,0,Zango,Residential,Rain,3,155.66,Private,0,High
23,4,0,Nataco,Urban,Clear,3,115.91,Commercial,1,Medium
18,2,0,Zango,Residential,Clear,2,111.28,Private,0,Medium
15,3,0,Kabba_Junction,Urban,Clear,1,144.18,Commercial,1,Medium
4,6,1,Felele,Highway,Rain,3,89.24,Private,1,Low
10,1,0,Nataco,Urban,Clear,2,124.74,Commercial,1,Medium
12,3,0,Adankolo,Residential,Rain,1,90.69,Private,1,Low
23,4,0,Phase_I,Residential,Clear,1,19.72,Private,0,Low
15,0,0,Ganaja,Highway,Rain,2,121.91,Private,1,Medium
18,6,1,Felele,Highway,Rain,2,171.17,Commercial,0,High
13,6,1,Felele,Highway,Clear,1,106.3,Commercial,1,Medium
19,0,0,Lokoja_Central_OldMarket,Urban,Clear,2,174.45,Mixed,1,High
7,6,1,Ganaja,Urban,Clear,2,101.21,Private,0,Low
8,1,0,Lokoja_Central_OldMarket,Urban,Clear,1,165.42,Private,1,High
21,5,1,Kabba_Junction,Urban,Rain,1,130.1,Mixed,1,Medium
6,3,0,Lokoja_Central_OldMarket,Highway,Rain,2,167.14,Mixed,1,High
18,4,0,Adankolo,Urban,Rain,1,169.38,Mixed,0,High
6,3,0,Adankolo,Urban,Clear,1,109.18,Private,1,Medium
14,3,0,Lokoja_Central_OldMarket,Urban,Clear,1,104.53,Mixed,0,Medium
10,0,0,Nataco,Highway,Clear,2,78.75,Mixed,0,Low
21,2,0,Adankolo,Residential,Clear,1,57.85,Mixed,0,Low
15,1,0,Felele,Highway,Rain,2,100.22,Mixed,0,Low
7,4,0,Zango,Residential,Rain,2,120.83,Private,1,Medium
14,2,0,Nataco,Urban,Clear,1,116.54,Private,1,Medium
18,1,0,Zango,Urban,Clear,1,137.91,Commercial,0,Medium
0,1,0,Lokoja_Central_OldMarket,Residential,Rain,2,111.58,Mixed,1,Medium
17,2,0,Ganaja,Highway,Clear,3,185.66,Mixed,1,High
17,0,0,Ganaja,Highway,Clear,1,155.35,Private,1,High
5,0,0,Adankolo,Urban,Clear,2,69.59,Private,1,Low
9,5,1,Zango,Residential,Rain,3,77.67,Private,0,Low
16,6,1,Lokoja_Central_OldMarket,Highway,Clear,1,166.58,Mixed,1,High
7,0,0,Phase_I,Highway,Clear,2,123.31,Private,1,Medium
22,3,0,Nataco,Urban,Clear,1,111.72,Commercial,1,Medium
18,2,0,Nataco,Highway,Clear,2,147.69,Mixed,0,High
10,4,0,Kabba_Junction,Highway,Clear,1,92.94,Mixed,1,Low
22,6,1,Lokoja_Central_OldMarket,Urban,Clear,1,89.93,Mixed,1,Low
20,4,0,Kabba_Junction,Highway,Clear,2,165.61,Private,1,High
18,1,0,Adankolo,Urban,Rain,2,181.53,Private,1,High
21,4,0,Lokoja_Central_OldMarket,Urban,Rain,1,145.22,Commercial,1,Medium
18,4,0,Zango,Residential,Rain,3,166.64,Private,0,High
20,3,0,Kabba_Junction,Urban,Clear,2,166.19,Mixed,1,High
8,5,1,Felele,Residential,Clear,2,111.58,Mixed,1,Medium
21,1,0,Nataco,Urban,Clear,1,87.84,Mixed,1,Low
8,2,0,Lokoja_Central_OldMarket,Urban,Clear,1,168.77,Commercial,1,High
10,5,1,Lokoja_Central_OldMarket,Urban,Clear,2,121.95,Mixed,1,Medium
9,0,0,Ganaja,Highway,Rain,2,141.61,Mixed,0,Medium
19,2,0,Lokoja_Central_OldMarket,Urban,Clear,2,194.14,Commercial,1,High
18,1,0,Ganaja,Urban,Rain,1,151.23,Private,0,High
13,0,0,Felele,Highway,Clear,1,79.51,Mixed,0,Low
14,3,0,Felele,Urban,Clear,1,99.23,Mixed,1,Low
13,2,0,Lokoja_Central_OldMarket,Urban,Rain,1,146.55,Commercial,1,Medium
21,3,0,Lokoja_Central_OldMarket,Urban,Clear,1,128.86,Commercial,1,Medium
16,5,1,Phase_I,Residential,Clear,2,84.54,Private,0,Low
19,4,0,Phase_I,Urban,Rain,1,148.27,Private,0,High
16,2,0,Lokoja_Central_OldMarket,Highway,Rain,1,211.86,Commercial,1,High
10,1,0,Kabba_Junction,Highway,Clear,2,119.47,Mixed,1,Medium
20,5,1,Kabba_Junction,Urban,Rain,3,212.28,Mixed,1,High
16,5,1,Adankolo,Residential,Rain,1,136.21,Mixed,1,Medium
18,1,0,Kabba_Junction,Urban,Rain,2,205.6,Mixed,1,High
10,0,0,Kabba_Junction,Urban,Clear,2,131.77,Commercial,1,Medium
4,0,0,Lokoja_Central_OldMarket,Urban,Clear,2,123.86,Commercial,1,Medium
15,3,0,Lokoja_Central_OldMarket,Urban,Rain,2,166.26,Commercial,1,High
8,6,1,Lokoja_Central_OldMarket,Urban,Clear,2,159.46,Commercial,1,High
23,1,0,Phase_I,Residential,Clear,3,40.83,Private,0,Low
13,4,0,Ganaja,Highway,Clear,2,82.48,Mixed,0,Low
20,3,0,Adankolo,Residential,Clear,1,122.07,Private,0,Medium
10,2,0,Lokoja_Central_OldMarket,Urban,Clear,2,109.88,Mixed,1,Medium
16,0,0,Zango,Residential,Clear,2,89.97,Private,0,Low
18,5,1,Zango,Residential,Rain,1,109.78,Mixed,0,Medium
16,0,0,Zango,Urban,Clear,1,117.62,Private,0,Medium
17,0,0,Zango,Highway,Clear,2,124.03,Mixed,0,Medium
13,6,1,Zango,Residential,Clear,2,31.02,Mixed,0,Low
20,3,0,Lokoja_Central_OldMarket,Urban,Clear,2,202.79,Commercial,1,High
18,2,0,Ganaja,Highway,Clear,1,170.05,Mixed,1,High
18,1,0,Phase_I,Urban,Clear,1,146.95,Private,0,Medium
12,5,1,Zango,Residential,Clear,1,31.33,Private,0,Low
17,2,0,Ganaja,Urban,Rain,3,215.04,Mixed,1,High
18,4,0,Kabba_Junction,Highway,Clear,1,200.56,Mixed,1,High
0,2,0,Nataco,Urban,Rain,3,114.3,Private,1,Medium
16,1,0,Ganaja,Residential,Clear,1,125.54,Mixed,0,Medium
19,6,1,Kabba_Junction,Urban,Clear,2,189.18,Commercial,1,High
22,0,0,Adankolo,Urban,Clear,1,82.03,Mixed,1,Low
16,4,0,Zango,Residential,Clear,1,87.46,Private,0,Low
6,4,0,Lokoja_Central_OldMarket,Urban,Clear,2,144.19,Mixed,0,Medium
23,3,0,Adankolo,Residential,Clear,1,24.85,Private,0,Low
17,2,0,Phase_I,Residential,Rain,3,155.63,Private,0,High
9,5,1,Nataco,Urban,Clear,2,158.13,Mixed,1,High
16,2,0,Ganaja,Highway,Clear,2,144.56,Mixed,0,Medium
20,5,1,Phase_I,Residential,Clear,1,81.8,Private,0,Low
9,1,0,Nataco,Urban,Clear,1,142.61,Private,1,Medium
17,0,0,Phase_I,Urban,Clear,1,109.8,Private,0,Medium
8,1,0,Ganaja,Highway,Rain,2,172.51,Mixed,1,High
20,2,0,Zango,Residential,Rain,2,112.12,Private,0,Medium
8,5,1,Kabba_Junction,Highway,Rain,1,153.0,Commercial,1,High
12,0,0,Nataco,Urban,Rain,1,95.73,Mixed,0,Low
16,3,0,Lokoja_Central_OldMarket,Urban,Clear,1,186.11,Mixed,1,High
4,4,0,Kabba_Junction,Highway,Rain,1,119.14,Mixed,1,Medium
9,4,0,Kabba_Junction,Highway,Clear,1,128.62,Mixed,0,Medium
15,0,0,Ganaja,Urban,Clear,2,91.77,Mixed,0,Low
19,1,0,Nataco,Urban,Rain,2,225.0,Commercial,1,High
18,0,0,Ganaja,Residential,Rain,2,160.41,Mixed,0,High
17,3,0,Nataco,Residential,Clear,1,156.61,Commercial,1,High
13,6,1,Kabba_Junction,Urban,Rain,1,132.88,Commercial,1,Medium
12,4,0,Lokoja_Central_OldMarket,Urban,Clear,3,149.59,Commercial,1,High
0,0,0,Adankolo,Residential,Clear,2,60.05,Mixed,1,Low
4,5,1,Phase_I,Residential,Clear,1,8.0,Private,0,Low
14,2,0,Nataco,Residential,Clear,2,79.26,Mixed,0,Low
11,1,0,Kabba_Junction,Urban,Clear,1,101.37,Private,1,Low
9,0,0,Nataco,Highway,Clear,2,143.92,Commercial,1,Medium
11,3,0,Nataco,Urban,Clear,1,107.59,Commercial,1,Medium
18,1,0,Kabba_Junction,Urban,Rain,2,210.51,Commercial,0,High
13,6,1,Adankolo,Urban,Clear,1,76.37,Private,1,Low
19,6,1,Phase_I,Residential,Rain,2,115.44,Mixed,0,Medium
13,3,0,Lokoja_Central_OldMarket,Urban,Rain,2,150.15,Commercial,1,High
19,1,0,Nataco,Urban,Rain,1,179.36,Private,1,High
16,5,1,Felele,Urban,Clear,3,173.82,Mixed,1,High
5,2,0,Kabba_Junction,Urban,Clear,3,104.77,Mixed,1,Medium
16,6,1,Nataco,Urban,Rain,1,186.47,Mixed,1,High
20,3,0,Lokoja_Central_OldMarket,Urban,Clear,3,179.08,Mixed,0,High
22,5,1,Zango,Residential,Rain,1,47.36,Mixed,1,Low
23,2,0,Zango,Residential,Rain,3,46.45,Mixed,0,Low
20,0,0,Phase_I,Urban,Clear,1,141.79,Mixed,0,Medium
17,5,1,Kabba_Junction,Urban,Clear,2,167.25,Private,1,High
0,4,0,Nataco,Urban,Clear,2,95.52,Private,1,Low
20,0,0,Felele,Highway,Clear,1,125.45,Mixed,0,Medium
23,5,1,Nataco,Urban,Rain,2,122.23,Commercial,1,Medium
20,3,0,Nataco,Urban,Clear,1,168.12,Mixed,1,High
23,3,0,Nataco,Urban,Clear,1,75.8,Private,1,Low
21,0,0,Adankolo,Residential,Clear,1,62.9,Private,0,Low
18,1,0,Lokoja_Central_OldMarket,Urban,Rain,3,225.0,Mixed,1,High
20,4,0,Lokoja_Central_OldMarket,Urban,Clear,1,149.45,Private,0,High
17,4,0,Lokoja_Central_OldMarket,Urban,Clear,1,180.79,Mixed,1,High
19,1,0,Kabba_Junction,Urban,Clear,2,183.75,Mixed,1,High
17,3,0,Felele,Urban,Rain,2,181.9,Mixed,0,High
7,1,0,Phase_I,Residential,Rain,1,101.23,Mixed,0,Low
18,1,0,Lokoja_Central_OldMarket,Urban,Clear,1,174.13,Commercial,1,High
18,4,0,Lokoja_Central_OldMarket,Urban,Clear,1,197.89,Commercial,1,High
14,5,1,Lokoja_Central_OldMarket,Urban,Rain,1,132.2,Mixed,1,Medium
18,2,0,Felele,Highway,Rain,1,168.6,Private,1,High
19,2,0,Ganaja,Highway,Clear,2,154.55,Mixed,0,High
13,3,0,Kabba_Junction,Highway,Rain,2,134.35,Private,1,Medium
18,3,0,Nataco,Urban,Rain,2,225.0,Mixed,1,High
17,1,0,Lokoja_Central_OldMarket,Highway,Clear,1,175.47,Mixed,1,High
7,3,0,Nataco,Urban,Clear,1,134.34,Private,1,Medium
21,1,0,Ganaja,Highway,Rain,2,109.02,Mixed,1,Medium
7,4,0,Zango,Residential,Clear,1,82.16,Private,1,Low
13,0,0,Felele,Highway,Clear,1,88.46,Mixed,1,Low
15,3,0,Lokoja_Central_OldMarket,Urban,Clear,1,130.7,Mixed,1,Medium
20,3,0,Adankolo,Highway,Clear,1,148.07,Commercial,1,High
10,5,1,Ganaja,Residential,Rain,1,79.37,Private,1,Low
20,3,0,Adankolo,Highway,Clear,3,139.77,Mixed,0,Medium
22,2,0,Lokoja_Central_OldMarket,Urban,Clear,1,98.87,Mixed,1,Low
8,0,0,Kabba_Junction,Highway,Clear,1,136.4,Mixed,1,Medium
23,4,0,Phase_I,Highway,Rain,3,84.34,Private,0,Low
15,4,0,Kabba_Junction,Highway,Clear,1,122.34,Mixed,1,Medium
7,0,0,Lokoja_Central_OldMarket,Urban,Rain,3,186.91,Mixed,1,High
13,2,0,Lokoja_Central_OldMarket,Urban,Clear,1,128.75,Mixed,1,Medium
6,0,0,Lokoja_Central_OldMarket,Urban,Clear,2,155.28,Commercial,1,High
17,3,0,Kabba_Junction,Urban,Clear,2,186.86,Commercial,1,High
2,4,0,Lokoja_Central_OldMarket,Urban,Clear,1,74.69,Mixed,1,Low
8,6,1,Nataco,Urban,Clear,1,132.78,Mixed,1,Medium
3,3,0,Felele,Highway,Rain,2,83.27,Mixed,0,Low
8,5,1,Felele,Urban,Clear,1,94.1,Private,0,Low
18,1,0,Zango,Urban,Clear,1,128.16,Commercial,0,Medium
1,5,1,Felele,Highway,Clear,2,71.49,Mixed,1,Low
0,5,1,Lokoja_Central_OldMarket,Urban,Clear,1,103.34,Mixed,1,Medium
16,2,0,Ganaja,Highway,Clear,1,155.62,Mixed,1,High
10,2,0,Nataco,Urban,Rain,2,132.31,Mixed,1,Medium
12,0,0,Adankolo,Residential,Rain,2,91.46,Mixed,0,Low
20,6,1,Kabba_Junction,Urban,Rain,3,206.48,Commercial,1,High
19,6,1,Nataco,Urban,Clear,1,166.22,Commercial,1,High
18,3,0,Ganaja,Highway,Rain,2,170.39,Private,0,High
2,0,0,Zango,Residential,Clear,1,30.0,Commercial,0,Low
2,1,0,Felele,Residential,Clear,2,55.25,Private,1,Low
6,1,0,Kabba_Junction,Highway,Clear,3,154.42,Private,1,High
18,5,1,Adankolo,Residential,Clear,2,103.96,Private,1,Medium
17,2,0,Kabba_Junction,Urban,Clear,1,181.5,Mixed,1,High
17,0,0,Lokoja_Central_OldMarket,Urban,Clear,3,184.68,Mixed,1,High
20,5,1,Kabba_Junction,Urban,Clear,2,160.97,Commercial,1,High
8,3,0,Adankolo,Residential,Rain,2,122.93,Mixed,0,Medium
18,2,0,Nataco,Urban,Clear,2,166.46,Mixed,1,High
11,4,0,Ganaja,Urban,Clear,1,122.14,Commercial,1,Medium
7,5,1,Adankolo,Urban,Clear,2,137.32,Commercial,1,Medium
20,2,0,Zango,Residential,Clear,3,100.22,Private,0,Low
23,1,0,Felele,Highway,Rain,1,97.7,Private,1,Low
8,5,1,Nataco,Highway,Clear,1,95.52,Private,0,Low
15,1,0,Adankolo,Residential,Clear,2,56.67,Private,0,Low
11,3,0,Ganaja,Highway,Clear,2,111.66,Mixed,1,Medium
13,6,1,Felele,Highway,Rain,2,90.42,Private,0,Low
20,5,1,Zango,Urban,Clear,1,104.82,Private,0,Medium
1,0,0,Kabba_Junction,Highway,Clear,1,92.1,Commercial,1,Low
21,5,1,Nataco,Urban,Clear,1,88.84,Mixed,1,Low
16,0,0,Felele,Residential,Clear,1,138.21,Commercial,1,Medium
19,6,1,Ganaja,Urban,Clear,3,159.77,Private,1,High
2,3,0,Adankolo,Urban,Clear,2,81.14,Mixed,1,Low
16,0,0,Nataco,Highway,Clear,1,144.17,Mixed,0,Medium
8,3,0,Lokoja_Central_OldMarket,Urban,Clear,1,145.61,Commercial,1,Medium
4,1,0,Nataco,Urban,Clear,1,54.37,Mixed,0,Low
14,3,0,Kabba_Junction,Urban,Clear,1,113.46,Mixed,1,Medium
19,1,0,Ganaja,Urban,Clear,1,138.24,Mixed,0,Medium
8,6,1,Felele,Highway,Clear,3,143.64,Mixed,1,Medium
6,1,0,Lokoja_Central_OldMarket,Residential,Clear,2,134.51,Commercial,1,Medium
20,2,0,Felele,Urban,Clear,1,170.35,Commercial,1,High
3,2,0,Phase_I,Residential,Clear,3,35.36,Private,0,Low
5,1,0,Felele,Highway,Clear,1,63.6,Private,1,Low
19,1,0,Ganaja,Urban,Clear,2,164.92,Mixed,1,High
14,0,0,Lokoja_Central_OldMarket,Urban,Rain,1,155.81,Commercial,1,High
19,6,1,Kabba_Junction,Urban,Clear,2,159.88,Mixed,1,High
4,5,1,Lokoja_Central_OldMarket,Urban,Clear,3,101.54,Commercial,1,Low
15,1,0,Felele,Highway,Rain,1,96.05,Private,0,Low
12,1,0,Felele,Residential,Rain,3,103.22,Mixed,0,Low
16,6,1,Ganaja,Urban,Clear,2,145.25,Private,1,Medium
16,3,0,Lokoja_Central_OldMarket,Urban,Clear,1,184.07,Commercial,1,High
12,3,0,Felele,Residential,Clear,3,89.58,Mixed,0,Low
14,6,1,Phase_I,Residential,Clear,2,21.56,Private,0,Low
16,3,0,Nataco,Urban,Clear,1,142.74,Private,1,Medium
20,4,0,Ganaja,Urban,Clear,1,115.93,Private,0,Medium
9,6,1,Nataco,Urban,Clear,1,121.34,Mixed,1,Medium
19,5,1,Kabba_Junction,Urban,Clear,2,166.11,Mixed,1,High
16,1,0,Lokoja_Central_OldMarket,Urban,Clear,2,174.64,Mixed,1,High
19,2,0,Kabba_Junction,Urban,Clear,1,192.93,Mixed,1,High
16,2,0,Lokoja_Central_OldMarket,Urban,Clear,2,191.66,Commercial,1,High
21,4,0,Ganaja,Urban,Clear,1,117.1,Commercial,1,Medium
23,4,0,Lokoja_Central_OldMarket,Urban,Clear,2,107.75,Mixed,1,Medium
4,0,0,Ganaja,Urban,Clear,1,51.9,Private,0,Low
20,4,0,Lokoja_Central_OldMarket,Urban,Clear,1,170.39,Private,1,High
18,4,0,Nataco,Urban,Rain,1,213.7,Mixed,1,High
12,4,0,Felele,Residential,Rain,1,98.14,Mixed,0,Low
8,3,0,Felele,Highway,Clear,2,140.38,Private,1,Medium
13,6,1,Felele,Highway,Clear,2,81.43,Mixed,1,Low
12,4,0,Adankolo,Urban,Clear,1,97.5,Private,1,Low
20,2,0,Kabba_Junction,Urban,Clear,1,176.29,Commercial,1,High
17,3,0,Lokoja_Central_OldMarket,Urban,Clear,2,175.67,Mixed,1,High
20,3,0,Felele,Highway,Clear,2,122.71,Mixed,0,Medium
12,2,0,Nataco,Urban,Clear,1,120.04,Mixed,1,Medium
11,2,0,Nataco,Residential,Rain,2,117.78,Mixed,1,Medium
22,2,0,Lokoja_Central_OldMarket,Urban,Clear,2,94.92,Commercial,1,Low
8,4,0,Zango,Residential,Clear,3,102.08,Mixed,0,Low
15,1,0,Phase_I,Residential,Rain,2,78.14,Private,0,Low
9,3,0,Zango,Residential,Clear,2,93.01,Mixed,0,Low
19,1,0,Ganaja,Highway,Clear,2,174.81,Commercial,1,High
7,6,1,Lokoja_Central_OldMarket,Urban,Clear,1,155.79,Commercial,1,High
2,1,0,Phase_I,Highway,Rain,1,49.79,Private,0,Low
18,5,1,Kabba_Junction,Urban,Clear,1,162.5,Commercial,1,High
17,3,0,Ganaja,Highway,Clear,1,153.15,Private,1,High
18,4,0,Adankolo,Residential,Clear,1,92.83,Private,0,Low
8,4,0,Zango,Residential,Clear,1,83.03,Mixed,0,Low
1,3,0,Kabba_Junction,Urban,Clear,2,104.98,Mixed,1,Medium
17,2,0,Nataco,Urban,Clear,1,125.71,Private,0,Medium
18,2,0,Phase_I,Residential,Rain,3,167.12,Private,1,High
13,3,0,Phase_I,Residential,Rain,3,92.01,Mixed,0,Low
23,6,1,Ganaja,Urban,Clear,3,74.11,Mixed,0,Low
9,0,0,Ganaja,Highway,Clear,2,152.88,Mixed,1,High
11,2,0,Kabba_Junction,Urban,Clear,1,118.22,Commercial,1,Medium
18,5,1,Adankolo,Urban,Rain,1,168.43,Private,1,High
18,5,1,Kabba_Junction,Urban,Clear,1,170.79,Private,1,High
21,1,0,Nataco,Urban,Clear,2,86.1,Private,0,Low
23,1,0,Lokoja_Central_OldMarket,Urban,Clear,1,77.75,Commercial,1,Low
21,3,0,Lokoja_Central_OldMarket,Urban,Rain,1,145.3,Commercial,1,Medium
22,4,0,Ganaja,Highway,Clear,2,65.08,Private,1,Low
16,5,1,Kabba_Junction,Urban,Clear,1,141.31,Private,1,Medium
10,4,0,Kabba_Junction,Highway,Clear,2,103.15,Private,1,Low
15,6,1,Adankolo,Residential,Rain,2,82.69,Mixed,0,Low
12,3,0,Nataco,Urban,Clear,3,140.54,Mixed,1,Medium
20,3,0,Nataco,Urban,Clear,1,150.34,Mixed,0,High
9,3,0,Phase_I,Residential,Clear,2,79.04,Private,0,Low
7,1,0,Felele,Highway,Clear,2,140.71,Private,1,Medium
7,3,0,Ganaja,Urban,Clear,3,133.94,Private,0,Medium
6,6,1,Nataco,Urban,Clear,1,123.08,Private,1,Medium
20,2,0,Lokoja_Central_OldMarket,Residential,Clear,3,179.98,Mixed,1,High
19,3,0,Lokoja_Central_OldMarket,Urban,Rain,2,203.36,Commercial,1,High
16,2,0,Lokoja_Central_OldMarket,Urban,Clear,1,170.23,Mixed,1,High
7,3,0,Adankolo,Urban,Clear,1,143.36,Commercial,1,Medium
19,1,0,Adankolo,Residential,Clear,2,138.22,Private,1,Medium
20,1,0,Lokoja_Central_OldMarket,Urban,Rain,2,203.76,Mixed,1,High
18,3,0,Nataco,Residential,Rain,1,199.0,Commercial,1,High
11,3,0,Kabba_Junction,Urban,Clear,1,82.53,Mixed,0,Low
14,5,1,Zango,Residential,Rain,2,36.98,Private,0,Low
18,6,1,Felele,Urban,Clear,1,99.93,Private,0,Low
23,1,0,Lokoja_Central_OldMarket,Urban,Clear,1,98.12,Mixed,1,Low
0,2,0,Adankolo,Residential,Clear,2,63.41,Mixed,1,Low
14,1,0,Lokoja_Central_OldMarket,Urban,Clear,1,119.51,Commercial,1,Medium
21,1,0,Nataco,Residential,Clear,2,81.72,Private,1,Low
15,6,1,Nataco,Urban,Rain,1,112.8,Mixed,1,Medium
20,4,0,Kabba_Junction,Urban,Clear,2,193.27,Commercial,1,High
2,1,0,Felele,Highway,Clear,1,74.05,Mixed,1,Low
0,0,0,Zango,Residential,Clear,1,16.68,Mixed,0,Low
14,5,1,Adankolo,Highway,Clear,3,86.19,Mixed,0,Low
9,0,0,Phase_I,Residential,Clear,2,95.61,Private,0,Low
0,3,0,Lokoja_Central_OldMarket,Urban,Clear,2,95.28,Private,1,Low
17,3,0,Lokoja_Central_OldMarket,Urban,Rain,1,225.0,Commercial,1,High
17,5,1,Lokoja_Central_OldMarket,Residential,Clear,1,155.03,Commercial,1,High
21,1,0,Lokoja_Central_OldMarket,Urban,Rain,2,124.38,Mixed,1,Medium
17,2,0,Adankolo,Urban,Rain,3,222.9,Mixed,1,High
19,6,1,Adankolo,Residential,Clear,2,127.4,Mixed,1,Medium
7,6,1,Felele,Urban,Clear,2,101.56,Private,0,Low
7,4,0,Felele,Highway,Rain,1,128.49,Private,1,Medium
20,3,0,Ganaja,Highway,Rain,2,179.41,Mixed,1,High
17,2,0,Felele,Highway,Rain,1,152.24,Private,0,High
16,4,0,Adankolo,Highway,Clear,2,154.66,Commercial,0,High
18,5,1,Kabba_Junction,Urban,Rain,2,225.0,Commercial,1,High
22,1,0,Felele,Highway,Rain,3,90.69,Private,1,Low
18,3,0,Lokoja_Central_OldMarket,Residential,Rain,3,217.43,Mixed,1,High
19,2,0,Lokoja_Central_OldMarket,Residential,Clear,2,171.65,Commercial,1,High
2,2,0,Phase_I,Residential,Rain,2,40.1,Private,0,Low
17,2,0,Phase_I,Residential,Rain,1,143.14,Mixed,0,Medium
18,1,0,Lokoja_Central_OldMarket,Highway,Clear,1,188.72,Commercial,1,High
11,4,0,Lokoja_Central_OldMarket,Urban,Clear,1,114.43,Private,1,Medium
17,0,0,Felele,Urban,Clear,3,177.51,Mixed,0,High
20,4,0,Kabba_Junction,Urban,Clear,2,174.04,Commercial,0,High
8,3,0,Kabba_Junction,Urban,Clear,1,143.72,Mixed,1,Medium
16,4,0,Kabba_Junction,Urban,Clear,2,145.78,Private,1,Medium
12,1,0,Adankolo,Residential,Clear,3,86.38,Commercial,0,Low
8,5,1,Lokoja_Central_OldMarket,Residential,Clear,1,133.78,Commercial,1,Medium
16,5,1,Kabba_Junction,Urban,Clear,1,196.57,Commercial,1,High
7,5,1,Adankolo,Residential,Clear,2,98.02,Mixed,1,Low
16,1,0,Nataco,Urban,Clear,1,156.22,Commercial,0,High
9,0,0,Kabba_Junction,Urban,Rain,2,178.31,Mixed,1,High
9,2,0,Kabba_Junction,Urban,Clear,2,163.4,Mixed,1,High
11,5,1,Kabba_Junction,Urban,Rain,1,108.29,Private,1,Medium
18,5,1,Ganaja,Urban,Rain,1,180.93,Private,1,High
15,5,1,Lokoja_Central_OldMarket,Urban,Clear,1,122.36,Mixed,1,Medium
20,2,0,Adankolo,Residential,Clear,2,110.8,Private,0,Medium
15,1,0,Felele,Residential,Clear,2,61.39,Mixed,0,Low
0,1,0,Kabba_Junction,Urban,Clear,1,95.91,Commercial,1,Low
7,3,0,Felele,Residential,Clear,2,136.5,Commercial,1,Medium
19,2,0,Ganaja,Urban,Rain,2,194.64,Mixed,1,High
15,1,0,Kabba_Junction,Highway,Rain,1,143.13,Mixed,1,Medium
6,5,1,Kabba_Junction,Urban,Clear,1,140.46,Mixed,1,Medium
9,4,0,Phase_I,Residential,Clear,1,82.97,Mixed,0,Low
18,6,1,Kabba_Junction,Urban,Rain,2,216.83,Mixed,1,High
14,1,0,Adankolo,Residential,Clear,2,83.67,Mixed,0,Low
21,6,1,Nataco,Urban,Clear,1,94.01,Mixed,1,Low
9,1,0,Phase_I,Highway,Rain,2,132.62,Mixed,0,Medium
16,0,0,Lokoja_Central_OldMarket,Highway,Rain,1,202.9,Mixed,1,High
7,0,0,Phase_I,Urban,Clear,1,99.47,Private,0,Low
5,1,0,Kabba_Junction,Urban,Rain,1,102.72,Mixed,1,Low
15,5,1,Ganaja,Residential,Clear,1,40.92,Commercial,0,Low
16,5,1,Ganaja,Residential,Rain,2,167.19,Mixed,1,High
8,5,1,Adankolo,Residential,Rain,2,109.22,Mixed,1,Medium
6,0,0,Kabba_Junction,Urban,Clear,3,149.7,Private,1,High
16,5,1,Adankolo,Urban,Rain,2,166.49,Mixed,0,High
4,4,0,Ganaja,Urban,Clear,1,78.75,Commercial,1,Low
7,3,0,Ganaja,Highway,Clear,1,119.15,Mixed,0,Medium
12,5,1,Ganaja,Highway,Clear,2,112.22,Mixed,1,Medium
1,6,1,Lokoja_Central_OldMarket,Urban,Rain,2,119.82,Commercial,1,Medium
16,0,0,Felele,Highway,Rain,3,170.76,Private,1,High
16,4,0,Lokoja_Central_OldMarket,Urban,Clear,3,185.32,Mixed,1,High
8,0,0,Ganaja,Urban,Clear,2,127.42,Private,1,Medium
18,1,0,Kabba_Junction,Highway,Clear,1,169.35,Commercial,1,High
2,0,0,Lokoja_Central_OldMarket,Urban,Clear,1,96.52,Mixed,1,Low
14,4,0,Lokoja_Central_OldMarket,Urban,Rain,1,140.94,Mixed,1,Medium
10,1,0,Adankolo,Urban,Clear,1,73.2,Mixed,0,Low
8,3,0,Felele,Highway,Rain,2,181.9,Commercial,1,High
15,1,0,Lokoja_Central_OldMarket,Urban,Clear,2,127.57,Mixed,1,Medium
6,4,0,Zango,Residential,Rain,2,85.69,Mixed,0,Low
8,1,0,Nataco,Highway,Clear,1,151.23,Commercial,1,High
3,5,1,Nataco,Urban,Clear,2,92.18,Commercial,1,Low
1,3,0,Adankolo,Urban,Clear,1,51.47,Private,0,Low
22,2,0,Lokoja_Central_OldMarket,Urban,Rain,1,122.03,Commercial,1,Medium
20,0,0,Kabba_Junction,Highway,Clear,1,158.0,Commercial,1,High
7,6,1,Phase_I,Urban,Clear,1,85.86,Mixed,0,Low
19,4,0,Zango,Urban,Clear,2,166.04,Mixed,1,High
15,6,1,Zango,Highway,Rain,1,74.08,Private,0,Low
3,6,1,Kabba_Junction,Urban,Rain,1,80.38,Mixed,0,Low
16,5,1,Lokoja_Central_OldMarket,Urban,Clear,2,174.78,Commercial,1,High
20,0,0,Ganaja,Highway,Clear,1,157.99,Mixed,1,High
8,3,0,Felele,Residential,Clear,1,130.67,Mixed,1,Medium
18,3,0,Adankolo,Urban,Clear,1,146.96,Mixed,0,Medium
15,6,1,Ganaja,Urban,Clear,2,89.65,Private,1,Low
12,4,0,Lokoja_Central_OldMarket,Urban,Clear,1,111.58,Private,1,Medium
17,2,0,Adankolo,Residential,Rain,3,164.97,Commercial,0,High
16,2,0,Lokoja_Central_OldMarket,Urban,Clear,2,176.43,Mixed,1,High
18,2,0,Lokoja_Central_OldMarket,Urban,Clear,1,203.71,Mixed,1,High
7,6,1,Adankolo,Residential,Clear,1,84.81,Private,0,Low
10,3,0,Lokoja_Central_OldMarket,Urban,Rain,1,135.62,Mixed,1,Medium
11,0,0,Adankolo,Urban,Clear,2,104.98,Commercial,1,Medium
2,5,1,Lokoja_Central_OldMarket,Urban,Rain,3,144.57,Mixed,1,Medium
11,3,0,Phase_I,Urban,Clear,1,80.74,Private,1,Low
10,5,1,Kabba_Junction,Highway,Clear,1,94.14,Commercial,1,Low
13,0,0,Ganaja,Highway,Rain,2,134.13,Mixed,1,Medium
19,2,0,Adankolo,Urban,Clear,2,138.1,Mixed,0,Medium
9,3,0,Phase_I,Residential,Clear,1,76.02,Private,0,Low
17,4,0,Adankolo,Urban,Clear,2,143.7,Private,0,Medium
15,5,1,Lokoja_Central_OldMarket,Urban,Clear,1,127.68,Commercial,1,Medium
8,6,1,Lokoja_Central_OldMarket,Urban,Clear,2,152.72,Commercial,1,High
18,2,0,Phase_I,Residential,Clear,2,105.93,Private,0,Medium
19,0,0,Phase_I,Residential,Clear,3,117.1,Private,0,Medium
6,0,0,Adankolo,Residential,Rain,3,140.51,Commercial,0,Medium
6,6,1,Adankolo,Residential,Rain,1,116.99,Mixed,1,Medium
17,4,0,Ganaja,Urban,Rain,1,168.28,Mixed,0,High
18,2,0,Ganaja,Residential,Clear,2,166.53,Mixed,1,High
20,4,0,Lokoja_Central_OldMarket,Urban,Rain,2,202.47,Commercial,1,High
22,5,1,Lokoja_Central_OldMarket,Urban,Clear,2,108.12,Commercial,1,Medium
16,2,0,Ganaja,Urban,Clear,2,155.64,Private,1,High
11,5,1,Lokoja_Central_OldMarket,Urban,Clear,2,113.9,Mixed,1,Medium
7,4,0,Kabba_Junction,Urban,Rain,2,163.1,Private,1,High
7,4,0,Adankolo,Urban,Clear,1,128.49,Commercial,0,Medium
8,0,0,Felele,Highway,Clear,3,117.25,Private,0,Medium
6,6,1,Nataco,Urban,Clear,2,140.96,Mixed,1,Medium
21,3,0,Ganaja,Highway,Clear,2,99.07,Mixed,1,Low
10,3,0,Nataco,Urban,Clear,1,107.51,Commercial,1,Medium
18,1,0,Felele,Urban,Clear,1,156.8,Private,1,High
3,3,0,Phase_I,Residential,Clear,1,32.88,Private,0,Low
18,3,0,Adankolo,Residential,Rain,2,148.07,Private,0,High
4,6,1,Kabba_Junction,Urban,Clear,1,91.02,Commercial,1,Low
21,2,0,Nataco,Residential,Clear,1,71.6,Mixed,0,Low
21,3,0,Lokoja_Central_OldMarket,Urban,Clear,2,134.64,Commercial,1,Medium
18,1,0,Phase_I,Residential,Clear,3,120.01,Private,0,Medium
11,1,0,Kabba_Junction,Urban,Clear,1,136.44,Commercial,1,Medium
10,1,0,Phase_I,Residential,Clear,1,38.42,Mixed,0,Low
2,3,0,Kabba_Junction,Urban,Clear,1,76.64,Mixed,1,Low
17,1,0,Zango,Urban,Rain,3,166.85,Private,0,High
19,0,0,Felele,Urban,Clear,1,158.99,Private,1,High
17,3,0,Kabba_Junction,Urban,Clear,2,156.4,Commercial,0,High
19,1,0,Ganaja,Residential,Clear,1,143.22,Mixed,1,Medium
17,4,0,Adankolo,Urban,Clear,2,123.96,Private,0,Medium
12,3,0,Kabba_Junction,Urban,Rain,2,150.14,Commercial,1,High
19,1,0,Kabba_Junction,Urban,Clear,2,189.99,Commercial,1,High
11,6,1,Nataco,Residential,Clear,1,69.37,Private,1,Low
21,0,0,Zango,Urban,Rain,3,94.09,Private,0,Low
15,5,1,Kabba_Junction,Urban,Clear,1,131.92,Commercial,1,Medium
1,2,0,Adankolo,Residential,Rain,1,78.82,Private,1,Low
18,2,0,Ganaja,Urban,Clear,2,141.65,Mixed,0,Medium
17,2,0,Nataco,Urban,Rain,1,183.97,Commercial,0,High
5,1,0,Kabba_Junction,Urban,Clear,3,119.57,Mixed,1,Medium
13,3,0,Adankolo,Residential,Rain,1,99.42,Mixed,0,Low
12,1,0,Phase_I,Residential,Rain,3,73.75,Private,0,Low
23,0,0,Adankolo,Urban,Clear,2,71.37,Private,1,Low
19,2,0,Lokoja_Central_OldMarket,Urban,Clear,3,188.32,Mixed,1,High
17,4,0,Lokoja_Central_OldMarket,Urban,Clear,2,196.98,Mixed,1,High
19,2,0,Kabba_Junction,Highway,Clear,1,173.16,Mixed,1,High
17,5,1,Zango,Residential,Rain,3,117.73,Private,0,Medium
21,4,0,Zango,Residential,Clear,1,28.42,Private,0,Low
15,2,0,Adankolo,Residential,Clear,3,71.33,Mixed,0,Low
7,4,0,Kabba_Junction,Urban,Clear,1,165.4,Mixed,1,High
6,5,1,Nataco,Urban,Clear,1,109.7,Private,1,Medium
19,2,0,Lokoja_Central_OldMarket,Urban,Rain,2,212.67,Mixed,1,High
17,4,0,Phase_I,Urban,Clear,1,115.54,Private,0,Medium
7,6,1,Felele,Highway,Rain,2,139.24,Mixed,1,Medium
10,2,0,Kabba_Junction,Urban,Clear,1,120.3,Mixed,1,Medium
18,4,0,Lokoja_Central_OldMarket,Urban,Clear,2,196.17,Mixed,1,High
20,6,1,Lokoja_Central_OldMarket,Residential,Clear,1,143.42,Commercial,1,Medium
16,0,0,Felele,Highway,Rain,3,179.53,Commercial,0,High
14,4,0,Phase_I,Residential,Clear,2,66.33,Mixed,0,Low
19,3,0,Nataco,Residential,Clear,2,141.54,Private,1,Medium
20,1,0,Ganaja,Urban,Clear,2,147.14,Mixed,0,High
10,4,0,Nataco,Urban,Rain,1,109.59,Private,1,Medium
6,0,0,Adankolo,Urban,Rain,3,177.35,Mixed,1,High
19,2,0,Felele,Highway,Clear,2,166.4,Private,1,High
6,2,0,Phase_I,Urban,Clear,1,75.03,Mixed,0,Low
16,4,0,Adankolo,Residential,Clear,2,131.04,Mixed,1,Medium
18,1,0,Ganaja,Highway,Clear,2,168.69,Private,1,High
13,2,0,Felele,Urban,Clear,2,117.51,Mixed,1,Medium
8,0,0,Ganaja,Highway,Rain,3,178.92,Mixed,1,High
3,1,0,Felele,Highway,Clear,1,40.55,Private,0,Low
15,3,0,Kabba_Junction,Urban,Clear,1,108.28,Commercial,1,Medium
14,4,0,Felele,Highway,Clear,1,97.34,Mixed,1,Low
15,2,0,Ganaja,Urban,Clear,2,113.52,Private,0,Medium
14,6,1,Phase_I,Residential,Clear,1,40.1,Private,0,Low
18,0,0,Felele,Urban,Clear,2,184.27,Commercial,1,High
8,4,0,Felele,Residential,Clear,1,77.11,Private,0,Low
16,5,1,Nataco,Urban,Clear,2,162.31,Mixed,1,High
4,2,0,Kabba_Junction,Urban,Clear,2,101.43,Mixed,1,Low
20,1,0,Kabba_Junction,Highway,Rain,1,197.46,Mixed,1,High
14,1,0,Adankolo,Urban,Clear,1,78.11,Private,0,Low
16,5,1,Lokoja_Central_OldMarket,Urban,Clear,1,161.77,Commercial,1,High
16,3,0,Lokoja_Central_OldMarket,Urban,Clear,2,180.36,Mixed,1,High
14,6,1,Kabba_Junction,Urban,Clear,1,94.07,Commercial,0,Low
19,6,1,Zango,Urban,Rain,2,157.79,Commercial,0,High
18,3,0,Felele,Residential,Clear,2,142.67,Private,1,Medium
11,1,0,Felele,Highway,Clear,1,38.94,Private,0,Low
19,6,1,Adankolo,Residential,Rain,1,140.29,Mixed,1,Medium
5,4,0,Phase_I,Residential,Rain,2,68.19,Mixed,1,Low
20,0,0,Adankolo,Highway,Rain,2,132.87,Mixed,0,Medium
5,1,0,Ganaja,Highway,Clear,1,75.84,Private,1,Low
14,1,0,Felele,Highway,Clear,2,98.3,Private,1,Low
18,0,0,Kabba_Junction,Urban,Clear,1,184.31,Commercial,1,High
16,5,1,Felele,Urban,Rain,1,175.34,Mixed,1,High
1,1,0,Adankolo,Residential,Rain,1,41.67,Private,0,Low
16,3,0,Nataco,Urban,Clear,2,172.41,Mixed,1,High
9,4,0,Lokoja_Central_OldMarket,Urban,Clear,2,157.56,Mixed,1,High
7,2,0,Phase_I,Residential,Clear,1,61.85,Private,0,Low
0,6,1,Ganaja,Highway,Rain,3,76.31,Mixed,0,Low
19,1,0,Adankolo,Highway,Clear,2,124.15,Mixed,0,Medium
18,1,0,Zango,Urban,Clear,1,123.56,Mixed,0,Medium
21,1,0,Phase_I,Residential,Clear,1,49.04,Mixed,0,Low
14,0,0,Nataco,Urban,Clear,1,112.25,Mixed,1,Medium
18,0,0,Nataco,Highway,Clear,1,165.03,Mixed,1,High
17,0,0,Nataco,Urban,Clear,2,151.63,Private,0,High
9,1,0,Lokoja_Central_OldMarket,Urban,Rain,2,195.72,Mixed,1,High
13,3,0,Phase_I,Residential,Clear,3,64.07,Mixed,0,Low
7,1,0,Kabba_Junction,Highway,Clear,1,152.2,Mixed,1,High
2,0,0,Adankolo,Residential,Clear,3,81.19,Commercial,1,Low
6,3,0,Kabba_Junction,Highway,Clear,1,131.36,Mixed,1,Medium
6,5,1,Felele,Highway,Clear,3,135.0,Mixed,1,Medium
7,0,0,Nataco,Urban,Clear,3,152.83,Mixed,1,High
19,2,0,Nataco,Urban,Rain,1,210.11,Mixed,1,High
7,4,0,Phase_I,Residential,Clear,1,75.9,Private,0,Low
8,4,0,Lokoja_Central_OldMarket,Urban,Clear,1,173.39,Commercial,1,High
13,2,0,Phase_I,Residential,Clear,1,24.86,Private,0,Low
8,1,0,Felele,Highway,Clear,1,107.84,Mixed,0,Medium
16,6,1,Lokoja_Central_OldMarket,Urban,Clear,3,191.9,Mixed,1,High
1,5,1,Felele,Highway,Clear,2,56.86,Commercial,0,Low
16,2,0,Ganaja,Urban,Clear,1,113.25,Private,0,Medium
8,4,0,Ganaja,Highway,Rain,3,128.42,Mixed,0,Medium
17,5,1,Lokoja_Central_OldMarket,Urban,Clear,2,163.23,Mixed,1,High
18,0,0,Nataco,Urban,Clear,1,165.59,Mixed,1,High
8,1,0,Adankolo,Urban,Clear,2,121.94,Mixed,0,Medium
9,4,0,Phase_I,Residential,Clear,3,117.13,Private,1,Medium
23,5,1,Lokoja_Central_OldMarket,Urban,Rain,3,134.69,Mixed,1,Medium
12,6,1,Lokoja_Central_OldMarket,Urban,Clear,1,134.24,Mixed,1,Medium
21,6,1,Lokoja_Central_OldMarket,Urban,Clear,1,101.61,Commercial,1,Low
23,4,0,Nataco,Urban,Rain,2,75.74,Mixed,0,Low
21,4,0,Lokoja_Central_OldMarket,Urban,Clear,1,97.53,Mixed,1,Low
15,1,0,Adankolo,Urban,Clear,3,100.77,Private,1,Low
14,3,0,Zango,Residential,Clear,1,66.58,Mixed,1,Low
10,5,1,Lokoja_Central_OldMarket,Urban,Clear,2,134.52,Commercial,1,Medium
5,1,0,Ganaja,Highway,Clear,2,81.46,Private,1,Low
15,4,0,Lokoja_Central_OldMarket,Urban,Clear,2,131.44,Mixed,1,Medium
2,2,0,Kabba_Junction,Urban,Clear,1,81.38,Private,1,Low
13,3,0,Phase_I,Residential,Rain,2,74.38,Mixed,0,Low
6,3,0,Ganaja,Highway,Clear,2,138.01,Private,1,Medium
20,3,0,Felele,Urban,Clear,1,146.35,Private,1,Medium
13,2,0,Lokoja_Central_OldMarket,Urban,Clear,1,123.6,Mixed,1,Medium
21,4,0,Adankolo,Residential,Clear,1,36.01,Mixed,0,Low
8,4,0,Nataco,Urban,Clear,3,157.49,Mixed,1,High
12,1,0,Zango,Residential,Clear,2,57.39,Private,0,Low
8,6,1,Lokoja_Central_OldMarket,Urban,Clear,3,158.11,Private,1,High
17,1,0,Zango,Residential,Clear,2,131.85,Private,1,Medium
23,0,0,Zango,Highway,Rain,2,48.65,Private,0,Low
11,2,0,Adankolo,Urban,Clear,2,89.25,Mixed,0,Low
9,6,1,Ganaja,Urban,Clear,3,112.49,Mixed,0,Medium
18,6,1,Ganaja,Highway,Clear,1,136.95,Commercial,1,Medium
0,3,0,Nataco,Urban,Clear,1,81.71,Mixed,1,Low
23,6,1,Kabba_Junction,Urban,Clear,1,69.63,Mixed,1,Low
16,1,0,Felele,Highway,Clear,1,148.58,Private,1,High
15,5,1,Phase_I,Urban,Clear,2,72.06,Private,0,Low
18,5,1,Kabba_Junction,Highway,Clear,3,176.39,Commercial,0,High
20,0,0,Nataco,Urban,Clear,2,159.14,Mixed,1,High
19,1,0,Nataco,Urban,Clear,2,165.16,Private,1,High
10,4,0,Lokoja_Central_OldMarket,Urban,Clear,1,122.68,Mixed,1,Medium
16,1,0,Lokoja_Central_OldMarket,Highway,Clear,3,188.8,Private,1,High
19,4,0,Nataco,Urban,Clear,1,172.06,Mixed,1,High
13,2,0,Ganaja,Urban,Clear,3,126.07,Commercial,1,Medium
18,1,0,Kabba_Junction,Urban,Clear,2,193.51,Commercial,1,High
12,1,0,Phase_I,Urban,Clear,1,73.66,Private,0,Low
10,4,0,Nataco,Residential,Clear,2,77.02,Mixed,0,Low
7,6,1,Adankolo,Urban,Clear,1,91.7,Private,0,Low
18,4,0,Lokoja_Central_OldMarket,Urban,Rain,1,221.42,Mixed,1,High
8,6,1,Ganaja,Urban,Rain,1,110.99,Mixed,0,Medium
14,3,0,Ganaja,Highway,Clear,2,124.62,Commercial,1,Medium
21,0,0,Zango,Highway,Rain,2,74.98,Mixed,0,Low
13,1,0,Adankolo,Residential,Clear,2,62.23,Mixed,0,Low
11,4,0,Adankolo,Residential,Clear,2,66.91,Commercial,0,Low
7,2,0,Zango,Urban,Clear,1,97.73,Mixed,0,Low
19,2,0,Lokoja_Central_OldMarket,Urban,Clear,2,194.48,Mixed,1,High
10,1,0,Phase_I,Residential,Clear,3,68.75,Mixed,0,Low
15,6,1,Adankolo,Residential,Rain,1,47.25,Private,0,Low
18,6,1,Kabba_Junction,Urban,Clear,1,181.44,Commercial,1,High
15,5,1,Lokoja_Central_OldMarket,Urban,Clear,1,134.77,Mixed,1,Medium
19,4,0,Adankolo,Residential,Clear,1,103.88,Private,1,Medium
22,2,0,Adankolo,Urban,Clear,2,80.97,Mixed,0,Low
20,0,0,Lokoja_Central_OldMarket,Highway,Clear,1,185.13,Commercial,1,High
14,4,0,Phase_I,Residential,Clear,3,54.65,Private,0,Low
22,2,0,Kabba_Junction,Urban,Rain,2,118.4,Commercial,1,Medium
18,0,0,Lokoja_Central_OldMarket,Urban,Clear,1,182.91,Commercial,1,High
16,1,0,Ganaja,Residential,Clear,1,139.0,Commercial,1,Medium
23,4,0,Ganaja,Urban,Clear,3,61.32,Private,0,Low
10,4,0,Felele,Highway,Clear,1,70.9,Mixed,0,Low
19,4,0,Ganaja,Residential,Clear,1,152.22,Private,1,High
15,1,0,Ganaja,Urban,Clear,3,140.89,Mixed,1,Medium
14,3,0,Zango,Urban,Clear,2,68.72,Private,0,Low
21,5,1,Ganaja,Residential,Rain,2,91.32,Mixed,1,Low
17,3,0,Nataco,Urban,Rain,2,204.89,Mixed,1,High
21,5,1,Ganaja,Urban,Clear,1,94.28,Mixed,1,Low
20,1,0,Phase_I,Residential,Rain,2,114.49,Private,0,Medium
18,2,0,Nataco,Highway,Clear,1,166.46,Private,1,High
19,6,1,Lokoja_Central_OldMarket,Urban,Clear,2,151.57,Commercial,0,High
20,0,0,Nataco,Highway,Clear,1,133.68,Private,0,Medium
17,3,0,Nataco,Highway,Clear,3,182.85,Mixed,1,High
12,2,0,Kabba_Junction,Urban,Rain,2,151.21,Mixed,1,High
6,4,0,Adankolo,Residential,Clear,2,85.91,Mixed,0,Low
11,4,0,Adankolo,Urban,Clear,2,93.92,Commercial,1,Low
7,4,0,Nataco,Urban,Clear,3,157.55,Mixed,1,High
15,3,0,Ganaja,Highway,Clear,1,93.28,Commercial,0,Low
11,6,1,Lokoja_Central_OldMarket,Urban,Clear,1,94.5,Mixed,1,Low
5,3,0,Phase_I,Residential,Clear,2,26.98,Private,0,Low
0,0,0,Ganaja,Urban,Clear,1,46.67,Private,0,Low
4,3,0,Nataco,Urban,Clear,1,91.31,Private,1,Low
14,3,0,Felele,Highway,Rain,3,123.47,Mixed,0,Medium
16,4,0,Nataco,Urban,Clear,1,163.27,Mixed,1,High
2,5,1,Phase_I,Residential,Clear,1,13.71,Commercial,0,Low
19,2,0,Felele,Highway,Clear,1,157.48,Private,1,High
6,6,1,Nataco,Highway,Rain,1,151.23,Commercial,1,High
21,2,0,Nataco,Residential,Clear,2,87.16,Mixed,1,Low
7,4,0,Felele,Highway,Clear,1,121.11,Private,1,Medium
17,6,1,Ganaja,Urban,Clear,3,191.33,Mixed,1,High
15,6,1,Adankolo,Urban,Rain,2,102.96,Mixed,0,Low
3,0,0,Ganaja,Residential,Rain,1,71.22,Commercial,0,Low
5,0,0,Adankolo,Urban,Clear,2,55.14,Private,0,Low
7,0,0,Nataco,Highway,Clear,1,160.86,Commercial,1,High
17,4,0,Ganaja,Urban,Clear,2,133.05,Private,0,Medium
19,4,0,Ganaja,Highway,Clear,1,143.94,Commercial,0,Medium
18,3,0,Phase_I,Urban,Rain,3,191.77,Private,0,High
10,4,0,Lokoja_Central_OldMarket,Highway,Clear,1,108.72,Commercial,1,Medium
16,1,0,Felele,Urban,Rain,2,193.79,Private,1,High
8,6,1,Phase_I,Highway,Clear,1,74.28,Private,0,Low
2,3,0,Nataco,Urban,Clear,1,98.81,Mixed,1,Low
15,1,0,Ganaja,Residential,Rain,2,120.69,Mixed,1,Medium
7,0,0,Nataco,Urban,Clear,1,108.15,Private,0,Medium
13,2,0,Nataco,Urban,Clear,2,113.16,Mixed,1,Medium
10,6,1,Kabba_Junction,Urban,Clear,3,118.4,Commercial,1,Medium
6,1,0,Lokoja_Central_OldMarket,Urban,Rain,1,179.42,Mixed,1,High
9,3,0,Felele,Urban,Clear,2,135.01,Private,1,Medium
11,1,0,Kabba_Junction,Highway,Clear,3,114.02,Mixed,0,Medium
7,2,0,Adankolo,Residential,Clear,2,90.23,Mixed,0,Low
18,5,1,Zango,Urban,Clear,1,136.9,Mixed,0,Medium
17,5,1,Ganaja,Urban,Clear,1,130.87,Private,1,Medium
19,0,0,Adankolo,Residential,Clear,3,121.71,Private,0,Medium
11,0,0,Zango,Residential,Rain,1,57.75,Private,1,Low
8,2,0,Adankolo,Urban,Clear,1,122.02,Private,0,Medium
13,4,0,Felele,Residential,Clear,2,85.56,Mixed,1,Low
5,1,0,Zango,Highway,Rain,1,46.37,Private,0,Low
15,1,0,Lokoja_Central_OldMarket,Urban,Clear,3,152.18,Mixed,1,High
0,0,0,Nataco,Urban,Clear,2,63.78,Private,0,Low
2,5,1,Phase_I,Residential,Clear,3,8.0,Private,0,Low
8,1,0,Ganaja,Urban,Clear,1,139.04,Commercial,0,Medium
11,6,1,Phase_I,Residential,Clear,1,21.19,Mixed,0,Low
14,3,0,Kabba_Junction,Urban,Clear,1,109.38,Mixed,1,Medium
17,4,0,Felele,Urban,Rain,1,172.41,Private,1,High
1,0,0,Felele,Highway,Clear,2,81.7,Private,1,Low
12,2,0,Kabba_Junction,Urban,Clear,1,108.92,Private,1,Medium
6,0,0,Kabba_Junction,Urban,Clear,2,140.11,Private,0,Medium
23,3,0,Kabba_Junction,Urban,Rain,3,128.7,Mixed,1,Medium
12,1,0,Zango,Urban,Rain,3,90.11,Private,0,Low
4,3,0,Zango,Residential,Rain,1,60.4,Private,1,Low
19,1,0,Adankolo,Highway,Rain,1,177.11,Mixed,1,High
11,4,0,Adankolo,Urban,Clear,2,64.25,Private,0,Low
13,6,1,Lokoja_Central_OldMarket,Urban,Clear,2,131.02,Mixed,1,Medium
13,3,0,Lokoja_Central_OldMarket,Urban,Clear,2,124.6,Mixed,1,Medium
18,1,0,Ganaja,Highway,Clear,3,145.73,Private,0,Medium
20,3,0,Phase_I,Residential,Clear,1,108.53,Commercial,0,Medium
5,4,0,Lokoja_Central_OldMarket,Urban,Clear,1,95.63,Mixed,1,Low
21,1,0,Lokoja_Central_OldMarket,Highway,Clear,3,131.77,Mixed,1,Medium
17,5,1,Lokoja_Central_OldMarket,Urban,Clear,3,182.78,Mixed,1,High
7,0,0,Felele,Highway,Clear,3,147.95,Private,1,High
9,5,1,Felele,Urban,Clear,2,126.53,Mixed,0,Medium
8,5,1,Kabba_Junction,Highway,Clear,3,178.91,Commercial,1,High
12,3,0,Kabba_Junction,Urban,Rain,1,137.41,Commercial,1,Medium
20,0,0,Felele,Urban,Clear,3,148.38,Private,0,High
5,5,1,Phase_I,Residential,Clear,2,9.58,Private,0,Low
18,4,0,Kabba_Junction,Highway,Rain,3,214.7,Mixed,1,High
16,3,0,Lokoja_Central_OldMarket,Urban,Clear,1,174.92,Commercial,1,High
15,2,0,Zango,Residential,Rain,3,77.94,Private,0,Low
8,3,0,Zango,Urban,Clear,1,90.29,Private,0,Low
8,5,1,Lokoja_Central_OldMarket,Residential,Clear,2,145.69,Mixed,1,Medium
18,4,0,Nataco,Urban,Clear,1,182.49,Commercial,1,High
20,0,0,Lokoja_Central_OldMarket,Residential,Clear,3,179.46,Mixed,1,High
18,5,1,Ganaja,Urban,Clear,1,153.03,Private,1,High
18,4,0,Zango,Residential,Clear,1,98.24,Private,0,Low
10,6,1,Adankolo,Residential,Clear,2,73.72,Commercial,1,Low
18,2,0,Zango,Residential,Clear,2,98.32,Mixed,0,Low
8,2,0,Zango,Residential,Clear,2,81.61,Mixed,0,Low
14,0,0,Nataco,Highway,Rain,3,155.54,Mixed,1,High
9,2,0,Adankolo,Urban,Rain,2,135.43,Private,0,Medium
7,1,0,Nataco,Urban,Clear,2,139.68,Private,1,Medium
18,3,0,Zango,Urban,Clear,1,120.95,Mixed,0,Medium
20,4,0,Nataco,Highway,Clear,2,164.58,Commercial,0,High
7,3,0,Felele,Urban,Clear,2,141.74,Private,1,Medium
8,3,0,Phase_I,Residential,Clear,1,101.93,Mixed,0,Low
7,0,0,Zango,Highway,Clear,2,94.28,Private,0,Low
21,6,1,Lokoja_Central_OldMarket,Urban,Rain,1,149.26,Commercial,1,High
17,3,0,Kabba_Junction,Highway,Clear,2,201.24,Commercial,1,High
19,1,0,Lokoja_Central_OldMarket,Urban,Clear,3,213.64,Mixed,1,High
9,1,0,Kabba_Junction,Highway,Clear,3,159.45,Commercial,1,High
9,5,1,Felele,Highway,Clear,1,121.64,Mixed,1,Medium
17,6,1,Felele,Highway,Rain,1,173.08,Commercial,1,High
13,5,1,Kabba_Junction,Urban,Rain,3,151.17,Mixed,1,High
18,5,1,Nataco,Urban,Clear,3,178.75,Mixed,1,High
23,0,0,Lokoja_Central_OldMarket,Urban,Clear,1,114.23,Commercial,1,Medium
10,5,1,Phase_I,Urban,Clear,2,56.22,Private,0,Low
8,3,0,Ganaja,Highway,Rain,2,125.29,Mixed,0,Medium
16,2,0,Felele,Highway,Clear,2,127.07,Mixed,0,Medium
14,1,0,Nataco,Highway,Rain,3,129.86,Private,1,Medium
8,1,0,Lokoja_Central_OldMarket,Urban,Clear,3,177.32,Commercial,1,High
9,6,1,Ganaja,Highway,Rain,2,112.44,Private,0,Medium
13,4,0,Nataco,Urban,Clear,1,85.59,Mixed,0,Low
14,0,0,Adankolo,Residential,Clear,1,71.32,Private,1,Low
6,3,0,Lokoja_Central_OldMarket,Urban,Clear,3,136.11,Private,0,Medium
7,0,0,Zango,Residential,Rain,2,85.92,Private,0,Low
8,3,0,Ganaja,Urban,Clear,3,153.02,Private,1,High
7,1,0,Zango,Residential,Clear,3,104.24,Private,0,Medium
11,5,1,Phase_I,Residential,Clear,2,34.38,Private,0,Low
12,3,0,Kabba_Junction,Highway,Clear,1,127.58,Private,1,Medium
12,6,1,Phase_I,Residential,Clear,2,22.59,Private,0,Low
17,3,0,Kabba_Junction,Highway,Clear,2,176.51,Mixed,1,High
9,0,0,Felele,Urban,Clear,1,112.34,Mixed,0,Medium
18,5,1,Nataco,Urban,Clear,1,174.9,Commercial,1,High
